i,type,avg_length,avg_reward,avg_vc,avg_js_dist
0,mdft,4.48,4.29,0.045,[0.40690256]
0,mdft,7.955,-5.285,0.17,[0.26437328]
0,mdft,4.575,-1.18,0.155,[0.30386218]
0,mdft,8.04,-10.035,0.265,[0.51894461]
0,mdft,58.325,-98.04,1.09,[0.70147371]
0,mdft,7.905,-14.105,0.35,[0.22393238]
0,mdft,4.63,0.905,0.11,[0.42661714]
0,mdft,5.595,-0.23,0.115,[0.32885333]
0,mdft,4.695,-4.035,0.21,[0.32006114]
0,mdft,6.445,-0.125,0.095,[0.4869125]
0,mdft,5.505,1.33,0.095,[0.29872374]
0,mdft,4.64,-1.26,0.185,[0.28015889]
0,mdft,9.045,-10.54,0.255,[0.28456626]
0,mdft,6.475,-10.695,0.485,[0.47153772]
0,mdft,7.835,0.47,0.055,[0.28019991]
0,mdft,5.435,0.91,0.095,[0.3005631]
0,mdft,4.445,0.165,0.13,[0.32033606]
0,mdft,11.005,-17.16,0.35,[0.41823103]
0,mdft,3.425,-2.47,0.205,[0.35021612]
0,mdft,9.025,-55.355,1.17,[0.54930365]
0,mdft,10.025,-12.99,0.285,[0.45249444]
0,mdft,7.93,-126.53,2.64,[0.30426591]
0,mdft,4.605,-2.435,0.18,[0.24034129]
0,mdft,15.05,-12.135,0.165,[0.31688805]
0,mdft,8.76,-5.845,0.165,[0.43000183]
0,mdft,9.795,-9.63,0.22,[0.43613783]
0,mdft,7.91,-5.24,0.2,[0.23585254]
0,mdft,10.02,-88.965,1.835,[0.35447408]
0,mdft,3.52,4.045,0.07,[0.2208634]
0,mdft,5.64,-3.46,0.18,[0.39259384]
0,mdft,6.84,-21.085,0.55,[0.29227816]
0,mdft,7.975,-9.5,0.255,[0.35877372]
0,mdft,3.45,6.075,0.03,[0.3825344]
0,mdft,11.18,-63.665,1.295,[0.38504123]
0,mdft,5.44,-0.325,0.12,[0.34130565]
0,mdft,4.395,0.965,0.115,[0.41068677]
0,mdft,4.44,-5.785,0.25,[0.2995145]
0,mdft,5.75,-6.28,0.235,[0.37791397]
0,mdft,9.935,-5.55,0.135,[0.34020619]
0,mdft,13.575,-18.01,0.315,[0.34825395]
0,mdft,10.16,-11.165,0.245,[0.44610065]
0,mdft,6.86,-7.175,0.255,[0.30862779]
0,mdft,4.34,-3.97,0.215,[0.45795618]
0,mdft,4.535,-12.77,0.39,[0.21291987]
0,mdft,15.665,-14.715,0.235,[0.36339461]
0,mdft,4.56,-0.91,0.15,[0.15434786]
0,mdft,8.87,-15.075,0.35,[0.31120331]
0,mdft,5.675,-4.72,0.205,[0.25705136]
0,mdft,7.0,-6.29,0.21,[0.3086914]
0,mdft,5.855,-7.85,0.265,[0.27930676]
0,mdft,3.48,-5.81,0.27,[0.22241914]
0,mdft,6.73,-55.01,1.19,[0.34979716]
0,mdft,9.225,-9.8,0.255,[0.34025324]
0,mdft,4.61,1.98,0.09,[0.32550151]
0,mdft,6.655,-0.31,0.095,[0.43321589]
0,mdft,3.45,-3.09,0.215,[0.20339915]
0,mdft,12.005,-27.69,0.54,[0.27953693]
0,mdft,6.905,-8.94,0.265,[0.25418224]
0,mdft,6.475,0.36,0.095,[0.48773192]
0,mdft,5.94,-8.445,0.275,[0.30443972]
0,mdft,3.34,0.75,0.14,[0.20319924]
0,mdft,6.975,-3.325,0.15,[0.32839788]
0,mdft,5.46,-3.77,0.19,[0.31354603]
0,mdft,20.55,-19.105,0.27,[0.31888016]
0,mdft,7.725,-8.27,0.235,[0.34699536]
0,mdft,11.045,-10.855,0.22,[0.38816553]
0,mdft,4.525,-1.37,0.16,[0.45538994]
0,mdft,3.245,7.51,0.005,[0.41694627]
0,mdft,9.105,-9.87,0.24,[0.25660432]
0,mdft,4.62,-0.725,0.145,[0.20122882]
0,mdft,10.29,-13.745,0.295,[0.19328012]
0,mdft,11.45,-12.71,0.25,[0.4427605]
0,mdft,4.655,-9.09,0.315,[0.21535935]
0,mdft,3.52,3.51,0.08,[0.32924521]
0,mdft,3.495,-3.52,0.225,[0.32055597]
0,mdft,7.885,-2.275,0.11,[0.36999114]
0,mdft,7.31,-3.415,0.145,[0.36529778]
0,mdft,8.775,-5.86,0.165,[0.38687617]
0,mdft,3.235,6.54,0.025,[0.22655494]
0,mdft,13.52,-20.65,0.37,[0.30765018]
0,mdft,6.595,-3.195,0.155,[0.28634564]
0,mdft,14.12,-16.845,0.315,[0.33508906]
0,mdft,4.655,-6.435,0.27,[0.20679523]
0,mdft,5.47,-2.115,0.155,[0.37561994]
0,mdft,7.045,1.75,0.045,[0.20825752]
0,mdft,5.735,-1.64,0.14,[0.27249303]
0,mdft,16.07,-28.62,0.48,[0.24813086]
0,mdft,4.525,3.53,0.06,[0.39009052]
0,mdft,6.87,-55.94,1.205,[0.17807591]
0,mdft,5.785,-148.87,3.12,[0.51818627]
0,mdft,8.015,-0.2,0.065,[0.2827846]
0,mdft,4.69,-14.025,0.415,[0.43862289]
0,mdft,6.74,-2.6,0.14,[0.28414761]
0,mdft,4.54,1.045,0.11,[0.31645821]
0,mdft,5.5,1.09,0.09,[0.30671957]
0,mdft,4.29,3.03,0.075,[0.52418765]
0,mdft,3.345,-0.985,0.18,[0.26886894]
0,mdft,8.795,-6.885,0.185,[0.41795601]
0,mdft,3.515,-4.275,0.24,[0.24069815]
0,mdft,4.535,3.275,0.065,[0.38089445]
0,wrl,4.58,-3.38,0.2,[0.40690256]
0,wrl,8.175,-9.675,0.255,[0.26437328]
0,wrl,4.52,-0.135,0.135,[0.30386218]
0,wrl,8.395,-15.79,0.375,[0.51894461]
0,wrl,10.575,-30.025,0.68,[0.70147371]
0,wrl,8.445,-17.37,0.405,[0.22393238]
0,wrl,4.63,-0.53,0.14,[0.42661714]
0,wrl,5.66,-1.52,0.14,[0.32885333]
0,wrl,4.65,-5.195,0.235,[0.32006114]
0,wrl,6.78,-4.145,0.17,[0.4869125]
0,wrl,5.6,-3.91,0.27,[0.29872374]
0,wrl,4.64,-5.895,0.31,[0.28015889]
0,wrl,9.305,-12.27,0.285,[0.28456626]
0,wrl,6.765,-5.565,0.245,[0.47153772]
0,wrl,8.175,-6.73,0.195,[0.28019991]
0,wrl,5.63,-0.025,0.11,[0.3005631]
0,wrl,4.7,-3.275,0.195,[0.32033606]
0,wrl,11.325,-21.64,0.435,[0.41823103]
0,wrl,3.455,-5.44,0.265,[0.35021612]
0,wrl,8.875,-79.72,1.67,[0.54930365]
0,wrl,11.125,-22.175,0.45,[0.45249444]
0,wrl,7.525,-135.505,2.83,[0.30426591]
0,wrl,4.67,-5.19,0.235,[0.24034129]
0,wrl,16.11,-13.2,0.165,[0.31688805]
0,wrl,8.99,-8.28,0.21,[0.43000183]
0,wrl,10.27,-15.685,0.335,[0.43613783]
0,wrl,7.93,-4.525,0.175,[0.23585254]
0,wrl,10.05,-94.515,1.945,[0.35447408]
0,wrl,3.655,2.935,0.09,[0.2208634]
0,wrl,5.685,-4.485,0.2,[0.39259384]
0,wrl,6.895,-9.86,0.3,[0.29227816]
0,wrl,8.205,-10.205,0.265,[0.35877372]
0,wrl,3.69,-4.21,0.235,[0.3825344]
0,wrl,10.82,-69.975,1.43,[0.38504123]
0,wrl,5.69,0.165,0.105,[0.34130565]
0,wrl,4.64,-1.505,0.16,[0.41068677]
0,wrl,4.63,-3.195,0.195,[0.2995145]
0,wrl,5.88,-14.005,0.39,[0.37791397]
0,wrl,10.555,-7.4,0.16,[0.34020619]
0,wrl,13.885,-24.94,0.45,[0.34825395]
0,wrl,10.1,-15.025,0.325,[0.44610065]
0,wrl,7.565,-14.695,0.405,[0.30862779]
0,wrl,4.72,-0.345,0.135,[0.45795618]
0,wrl,4.715,-4.985,0.23,[0.21291987]
0,wrl,16.71,-23.35,0.37,[0.36339461]
0,wrl,4.45,-1.31,0.16,[0.15434786]
0,wrl,9.425,-14.625,0.33,[0.31120331]
0,wrl,5.7,-9.4,0.3,[0.25705136]
0,wrl,6.965,-5.765,0.2,[0.3086914]
0,wrl,5.89,-11.55,0.34,[0.27930676]
0,wrl,3.565,1.545,0.12,[0.22241914]
0,wrl,6.975,-58.9,1.265,[0.34979716]
0,wrl,10.475,-8.055,0.19,[0.34025324]
0,wrl,4.65,1.695,0.095,[0.32550151]
0,wrl,7.22,-12.64,0.335,[0.43321589]
0,wrl,3.42,-1.56,0.185,[0.20339915]
0,wrl,12.65,-18.56,0.345,[0.27953693]
0,wrl,6.875,-8.41,0.255,[0.25418224]
0,wrl,7.025,-1.17,0.125,[0.48773192]
0,wrl,6.055,-7.06,0.245,[0.30443972]
0,wrl,3.56,-3.37,0.22,[0.20319924]
0,wrl,7.345,-3.94,0.155,[0.32839788]
0,wrl,5.395,-3.705,0.19,[0.31354603]
0,wrl,20.9,-25.58,0.35,[0.31888016]
0,wrl,7.89,-10.86,0.285,[0.34699536]
0,wrl,11.725,-13.475,0.26,[0.38816553]
0,wrl,4.74,-6.0,0.25,[0.45538994]
0,wrl,3.35,5.935,0.035,[0.41694627]
0,wrl,9.23,-17.625,0.395,[0.25660432]
0,wrl,4.72,-3.52,0.2,[0.20122882]
0,wrl,10.465,-20.535,0.43,[0.19328012]
0,wrl,11.105,-14.08,0.285,[0.4427605]
0,wrl,4.655,-7.15,0.275,[0.21535935]
0,wrl,3.45,5.085,0.05,[0.32924521]
0,wrl,3.38,-4.875,0.255,[0.32055597]
0,wrl,8.23,-3.36,0.125,[0.36999114]
0,wrl,7.39,-11.59,0.31,[0.36529778]
0,wrl,8.665,-6.975,0.19,[0.38687617]
0,wrl,3.355,1.515,0.125,[0.22655494]
0,wrl,13.725,-17.915,0.315,[0.30765018]
0,wrl,7.225,-6.515,0.21,[0.28634564]
0,wrl,14.98,-16.475,0.275,[0.33508906]
0,wrl,4.68,-8.895,0.33,[0.20679523]
0,wrl,5.67,-8.955,0.29,[0.37561994]
0,wrl,7.225,-0.88,0.095,[0.20825752]
0,wrl,5.855,-1.73,0.14,[0.27249303]
0,wrl,15.865,-23.995,0.405,[0.24813086]
0,wrl,4.645,-1.25,0.155,[0.39009052]
0,wrl,7.09,-55.16,1.185,[0.17807591]
0,wrl,5.785,-168.67,3.535,[0.51818627]
0,wrl,7.955,-3.325,0.13,[0.2827846]
0,wrl,4.645,-8.345,0.3,[0.43862289]
0,wrl,7.17,-9.65,0.275,[0.28414761]
0,wrl,4.595,-3.66,0.205,[0.31645821]
0,wrl,5.65,-3.965,0.19,[0.30671957]
0,wrl,4.485,-7.695,0.29,[0.52418765]
0,wrl,3.51,-3.31,0.245,[0.26886894]
0,wrl,8.88,-11.11,0.27,[0.41795601]
0,wrl,3.47,0.915,0.135,[0.24069815]
0,wrl,4.52,0.33,0.125,[0.38089445]
1,mdft,4.395,3.155,0.07,[0.45700033]
1,mdft,8.04,-8.065,0.225,[0.26555451]
1,mdft,4.635,-2.455,0.18,[0.26635242]
1,mdft,7.905,-7.205,0.21,[0.46098858]
1,mdft,58.455,-91.065,0.94,[0.69793527]
1,mdft,7.845,-19.47,0.46,[0.25688662]
1,mdft,4.62,0.425,0.12,[0.39957063]
1,mdft,5.485,0.86,0.095,[0.34604197]
1,mdft,4.545,-0.935,0.15,[0.30753503]
1,mdft,6.54,0.525,0.08,[0.44579697]
1,mdft,5.575,-0.21,0.145,[0.35002466]
1,mdft,4.715,-4.545,0.265,[0.25735681]
1,mdft,9.14,-11.865,0.28,[0.27746743]
1,mdft,6.505,-6.55,0.315,[0.42350586]
1,mdft,7.875,-2.51,0.115,[0.22742182]
1,mdft,5.425,1.9,0.075,[0.23760827]
1,mdft,4.44,1.895,0.095,[0.3667651]
1,mdft,11.11,-17.285,0.35,[0.38578251]
1,mdft,3.45,-2.25,0.2,[0.34765591]
1,mdft,8.78,-51.19,1.09,[0.48355163]
1,mdft,9.865,-9.155,0.21,[0.4281147]
1,mdft,7.805,-118.745,2.485,[0.3519493]
1,mdft,4.74,-6.735,0.265,[0.2466269]
1,mdft,14.71,-11.06,0.15,[0.283208]
1,mdft,8.89,-7.445,0.195,[0.43200526]
1,mdft,9.57,-36.095,0.76,[0.44094493]
1,mdft,8.055,-4.16,0.2,[0.21645085]
1,mdft,9.14,-120.655,2.48,[0.38691689]
1,mdft,3.565,0.8,0.135,[0.22039582]
1,mdft,5.63,-12.99,0.37,[0.36627368]
1,mdft,7.035,-30.135,0.725,[0.2804431]
1,mdft,7.87,-7.935,0.225,[0.35059669]
1,mdft,3.37,1.915,0.115,[0.39553138]
1,mdft,10.66,-60.695,1.245,[0.3685607]
1,mdft,5.475,2.34,0.065,[0.33358914]
1,mdft,4.475,-0.35,0.14,[0.44479144]
1,mdft,4.42,-4.305,0.22,[0.31491676]
1,mdft,5.895,-7.645,0.26,[0.38982247]
1,mdft,10.165,-5.785,0.135,[0.33077896]
1,mdft,13.355,-17.055,0.3,[0.3615814]
1,mdft,9.895,-14.095,0.31,[0.36942549]
1,mdft,6.985,-8.285,0.26,[0.30781113]
1,mdft,3.415,-39.77,0.95,[0.59868]
1,mdft,4.48,-9.06,0.315,[0.21361931]
1,mdft,15.585,-25.045,0.455,[0.35028134]
1,mdft,4.44,-2.26,0.18,[0.2071614]
1,mdft,8.635,-20.72,0.47,[0.30047729]
1,mdft,5.765,-7.285,0.255,[0.25815753]
1,mdft,6.61,-2.47,0.14,[0.25372703]
1,mdft,5.905,-15.015,0.41,[0.26149449]
1,mdft,3.35,-3.245,0.22,[0.17268674]
1,mdft,6.545,-67.335,1.445,[0.34211025]
1,mdft,9.175,-8.755,0.24,[0.3481345]
1,mdft,4.55,2.28,0.085,[0.28828473]
1,mdft,6.665,-0.81,0.105,[0.44490988]
1,mdft,3.39,-4.025,0.235,[0.18751279]
1,mdft,11.425,-55.14,1.1,[0.36453156]
1,mdft,6.71,-7.05,0.23,[0.25747584]
1,mdft,6.49,1.325,0.075,[0.52123357]
1,mdft,5.55,-8.655,0.285,[0.32140051]
1,mdft,3.425,-1.605,0.185,[0.24552906]
1,mdft,6.89,-3.485,0.155,[0.29233023]
1,mdft,5.345,-2.985,0.175,[0.2884817]
1,mdft,20.53,-20.065,0.255,[0.33005423]
1,mdft,7.815,-8.595,0.24,[0.3214067]
1,mdft,11.14,-8.5,0.17,[0.34037947]
1,mdft,4.485,0.145,0.13,[0.44636925]
1,mdft,3.32,7.435,0.005,[0.4307051]
1,mdft,8.955,-22.99,0.51,[0.24460182]
1,mdft,4.565,-3.855,0.21,[0.19800969]
1,mdft,10.25,-16.645,0.355,[0.20267145]
1,mdft,11.03,-17.205,0.35,[0.37492567]
1,mdft,4.45,-7.925,0.295,[0.20604429]
1,mdft,3.37,-1.075,0.175,[0.33993799]
1,mdft,3.44,-4.705,0.25,[0.29668948]
1,mdft,7.81,0.495,0.055,[0.38152058]
1,mdft,6.925,-3.275,0.15,[0.38205219]
1,mdft,8.595,-4.22,0.135,[0.37009258]
1,mdft,3.345,4.47,0.065,[0.26292771]
1,mdft,13.05,-15.77,0.28,[0.33588278]
1,mdft,6.73,-2.1,0.13,[0.27320331]
1,mdft,14.63,-18.085,0.34,[0.31738722]
1,mdft,4.695,-10.2,0.355,[0.20732528]
1,mdft,5.54,-1.19,0.135,[0.35450122]
1,mdft,7.025,-3.375,0.15,[0.22599515]
1,mdft,5.645,-0.08,0.115,[0.2677276]
1,mdft,15.8,-22.935,0.395,[0.22241528]
1,mdft,4.525,4.505,0.04,[0.39507238]
1,mdft,6.83,-51.735,1.12,[0.18789376]
1,mdft,5.575,-148.695,3.12,[0.49721713]
1,mdft,7.825,-1.48,0.095,[0.28866004]
1,mdft,4.73,-12.61,0.385,[0.41464814]
1,mdft,6.76,-5.32,0.195,[0.29804498]
1,mdft,4.565,-0.685,0.145,[0.32692166]
1,mdft,5.435,1.645,0.08,[0.34531855]
1,mdft,4.26,2.08,0.095,[0.43981501]
1,mdft,3.375,-0.305,0.17,[0.25899236]
1,mdft,8.845,-3.005,0.105,[0.42541766]
1,mdft,3.415,-0.255,0.16,[0.18052937]
1,mdft,4.575,3.97,0.05,[0.37859202]
1,wrl,4.485,-1.82,0.17,[0.45700033]
1,wrl,8.15,-9.915,0.26,[0.26555451]
1,wrl,4.73,-6.235,0.255,[0.26635242]
1,wrl,8.16,-15.79,0.38,[0.46098858]
1,wrl,10.325,-29.395,0.68,[0.69793527]
1,wrl,8.795,-24.86,0.55,[0.25688662]
1,wrl,4.6,-2.95,0.19,[0.39957063]
1,wrl,5.53,-5.315,0.22,[0.34604197]
1,wrl,4.755,-5.05,0.23,[0.30753503]
1,wrl,6.76,-2.895,0.145,[0.44579697]
1,wrl,5.655,-4.455,0.3,[0.35002466]
1,wrl,4.68,-6.92,0.34,[0.25735681]
1,wrl,9.39,-15.79,0.355,[0.27746743]
1,wrl,6.785,-7.545,0.305,[0.42350586]
1,wrl,7.93,-5.015,0.165,[0.22742182]
1,wrl,5.58,0.765,0.095,[0.23760827]
1,wrl,4.605,-3.175,0.195,[0.3667651]
1,wrl,11.14,-25.865,0.525,[0.38578251]
1,wrl,3.49,-9.64,0.35,[0.34765591]
1,wrl,9.32,-79.22,1.65,[0.48355163]
1,wrl,10.725,-18.595,0.385,[0.4281147]
1,wrl,7.125,-129.005,2.705,[0.3519493]
1,wrl,4.795,-5.085,0.23,[0.2466269]
1,wrl,15.95,-14.995,0.205,[0.283208]
1,wrl,8.8,-9.805,0.245,[0.43200526]
1,wrl,9.965,-14.9,0.325,[0.44094493]
1,wrl,7.955,-6.025,0.21,[0.21645085]
1,wrl,9.95,-94.0,1.935,[0.38691689]
1,wrl,3.545,0.58,0.14,[0.22039582]
1,wrl,5.57,0.765,0.095,[0.36627368]
1,wrl,7.09,-17.655,0.48,[0.2804431]
1,wrl,8.045,-5.14,0.165,[0.35059669]
1,wrl,3.595,-3.875,0.23,[0.39553138]
1,wrl,10.345,-77.63,1.595,[0.3685607]
1,wrl,5.655,1.915,0.07,[0.33358914]
1,wrl,4.665,-4.475,0.22,[0.44479144]
1,wrl,4.72,-8.23,0.295,[0.31491676]
1,wrl,5.76,-8.495,0.28,[0.38982247]
1,wrl,10.355,-7.44,0.165,[0.33077896]
1,wrl,13.71,-29.91,0.555,[0.3615814]
1,wrl,10.035,-17.91,0.385,[0.36942549]
1,wrl,7.435,-15.3,0.44,[0.30781113]
1,wrl,4.375,1.97,0.095,[0.59868]
1,wrl,4.72,-8.435,0.3,[0.21361931]
1,wrl,16.905,-25.76,0.435,[0.35028134]
1,wrl,4.57,-1.175,0.155,[0.2071614]
1,wrl,8.78,-19.87,0.45,[0.30047729]
1,wrl,5.61,-17.15,0.46,[0.25815753]
1,wrl,6.82,-5.62,0.2,[0.25372703]
1,wrl,5.945,-10.625,0.32,[0.26149449]
1,wrl,3.395,-1.51,0.185,[0.17268674]
1,wrl,6.77,-55.52,1.2,[0.34211025]
1,wrl,10.315,-14.765,0.33,[0.3481345]
1,wrl,4.635,1.46,0.1,[0.28828473]
1,wrl,7.07,-11.51,0.315,[0.44490988]
1,wrl,3.465,-5.295,0.26,[0.18751279]
1,wrl,12.96,-19.375,0.355,[0.36453156]
1,wrl,7.04,-11.525,0.315,[0.25747584]
1,wrl,7.095,-2.47,0.145,[0.52123357]
1,wrl,6.085,-9.555,0.295,[0.32140051]
1,wrl,3.485,-3.075,0.215,[0.24552906]
1,wrl,7.155,-5.97,0.2,[0.29233023]
1,wrl,5.315,-3.15,0.18,[0.2884817]
1,wrl,20.96,-30.785,0.485,[0.33005423]
1,wrl,8.005,-16.615,0.4,[0.3214067]
1,wrl,11.75,-17.45,0.34,[0.34037947]
1,wrl,4.585,-2.42,0.18,[0.44636925]
1,wrl,3.42,7.335,0.005,[0.4307051]
1,wrl,9.09,-12.58,0.295,[0.24460182]
1,wrl,4.675,-5.195,0.235,[0.19800969]
1,wrl,10.55,-17.925,0.375,[0.20267145]
1,wrl,10.995,-16.435,0.335,[0.37492567]
1,wrl,4.67,-7.205,0.275,[0.20604429]
1,wrl,3.555,4.745,0.055,[0.33993799]
1,wrl,3.465,-7.415,0.305,[0.29668948]
1,wrl,8.045,-4.415,0.15,[0.38152058]
1,wrl,7.63,-14.27,0.36,[0.38205219]
1,wrl,8.725,-9.25,0.235,[0.37009258]
1,wrl,3.465,-3.02,0.215,[0.26292771]
1,wrl,13.615,-21.24,0.38,[0.33588278]
1,wrl,7.42,-12.1,0.32,[0.27320331]
1,wrl,15.15,-20.325,0.405,[0.31738722]
1,wrl,4.585,-5.365,0.255,[0.20732528]
1,wrl,5.72,-5.295,0.215,[0.35450122]
1,wrl,7.315,-4.895,0.175,[0.22599515]
1,wrl,5.825,-2.67,0.17,[0.2677276]
1,wrl,16.52,-28.565,0.495,[0.22241528]
1,wrl,4.605,1.98,0.09,[0.39507238]
1,wrl,7.165,-63.065,1.345,[0.18789376]
1,wrl,5.76,-166.42,3.49,[0.49721713]
1,wrl,7.885,-6.69,0.2,[0.28866004]
1,wrl,4.73,-8.43,0.3,[0.41464814]
1,wrl,7.025,-11.215,0.31,[0.29804498]
1,wrl,4.655,-4.695,0.225,[0.32692166]
1,wrl,5.66,-4.47,0.2,[0.34531855]
1,wrl,4.465,-5.23,0.24,[0.43981501]
1,wrl,3.455,-4.01,0.255,[0.25899236]
1,wrl,9.085,-13.785,0.32,[0.42541766]
1,wrl,3.435,-2.725,0.21,[0.18052937]
1,wrl,4.61,-1.975,0.17,[0.37859202]
2,mdft,4.42,3.61,0.06,[0.4277068]
2,mdft,8.02,-4.145,0.145,[0.31062517]
2,mdft,4.54,-0.655,0.145,[0.28338256]
2,mdft,7.835,-9.845,0.265,[0.49318886]
2,mdft,62.93,-97.285,0.97,[0.71888253]
2,mdft,7.855,-17.525,0.42,[0.28297595]
2,mdft,4.53,0.775,0.115,[0.41231902]
2,mdft,5.58,1.745,0.075,[0.38652198]
2,mdft,4.615,-4.995,0.23,[0.32303309]
2,mdft,6.39,-0.57,0.105,[0.46819235]
2,mdft,5.545,1.025,0.11,[0.37287418]
2,mdft,4.635,-5.945,0.29,[0.32355497]
2,mdft,9.155,-12.88,0.3,[0.2610784]
2,mdft,6.42,-4.745,0.295,[0.43597812]
2,mdft,7.705,-6.015,0.19,[0.27360472]
2,mdft,5.29,-0.425,0.125,[0.24353185]
2,mdft,4.315,-2.89,0.195,[0.32118677]
2,mdft,10.605,-32.695,0.675,[0.35854452]
2,mdft,3.455,-2.99,0.215,[0.37787419]
2,mdft,8.685,-49.58,1.055,[0.43112901]
2,mdft,9.84,-12.07,0.27,[0.38874665]
2,mdft,7.815,-117.765,2.465,[0.38679046]
2,mdft,4.68,-2.015,0.17,[0.24879079]
2,mdft,14.57,-14.35,0.22,[0.29791634]
2,mdft,9.015,-8.06,0.205,[0.44040349]
2,mdft,9.07,-73.67,1.53,[0.46755882]
2,mdft,7.755,-3.37,0.18,[0.22177368]
2,mdft,8.775,-143.86,2.95,[0.41158202]
2,mdft,3.465,4.34,0.065,[0.19679789]
2,mdft,4.83,-76.64,1.66,[0.3667039]
2,mdft,6.735,-33.885,0.805,[0.29218851]
2,mdft,7.955,-6.785,0.2,[0.33634216]
2,mdft,3.265,0.77,0.14,[0.42003622]
2,mdft,9.955,-89.02,1.835,[0.31405872]
2,mdft,5.415,1.64,0.08,[0.29422651]
2,mdft,4.38,2.93,0.075,[0.38080598]
2,mdft,4.555,-9.875,0.33,[0.25919318]
2,mdft,5.57,-2.415,0.16,[0.37548493]
2,mdft,10.28,-7.655,0.17,[0.32915879]
2,mdft,13.495,-18.665,0.33,[0.30085134]
2,mdft,9.4,-31.575,0.67,[0.40081065]
2,mdft,6.765,-11.035,0.31,[0.34900438]
2,mdft,3.35,-45.155,1.06,[0.60202699]
2,mdft,4.605,-14.775,0.43,[0.2200462]
2,mdft,15.385,-28.315,0.53,[0.32409973]
2,mdft,4.545,-4.08,0.215,[0.21895606]
2,mdft,7.53,-38.455,0.855,[0.30817951]
2,mdft,5.435,-36.31,0.85,[0.28811583]
2,mdft,6.905,-5.95,0.205,[0.27238135]
2,mdft,5.71,-14.375,0.4,[0.28559538]
2,mdft,3.335,-1.71,0.19,[0.18472986]
2,mdft,5.825,-98.695,2.1,[0.362011]
2,mdft,9.08,-12.605,0.32,[0.37408708]
2,mdft,4.615,3.2,0.065,[0.27874164]
2,mdft,6.68,0.645,0.075,[0.39872857]
2,mdft,3.315,-3.21,0.22,[0.18316731]
2,mdft,11.195,-61.825,1.24,[0.35954404]
2,mdft,6.8,-16.515,0.42,[0.25839313]
2,mdft,6.47,0.6,0.09,[0.495527]
2,mdft,5.69,-15.025,0.41,[0.34285905]
2,mdft,3.505,-2.94,0.21,[0.23625915]
2,mdft,6.655,-8.74,0.265,[0.32240637]
2,mdft,4.575,-37.41,0.88,[0.35081595]
2,mdft,20.04,-23.985,0.4,[0.28876907]
2,mdft,7.835,-10.335,0.275,[0.36296138]
2,mdft,10.93,-8.285,0.17,[0.30650329]
2,mdft,4.43,0.195,0.13,[0.49843732]
2,mdft,3.295,6.97,0.015,[0.43034801]
2,mdft,8.915,-13.6,0.32,[0.2498873]
2,mdft,4.6,-4.39,0.22,[0.24160841]
2,mdft,10.03,-21.57,0.46,[0.2186068]
2,mdft,10.585,-27.31,0.56,[0.32052734]
2,mdft,4.755,-20.82,0.55,[0.22706305]
2,mdft,3.34,2.445,0.105,[0.37851282]
2,mdft,3.455,-6.175,0.28,[0.26432952]
2,mdft,7.735,0.81,0.05,[0.33981911]
2,mdft,6.805,-2.175,0.13,[0.39280441]
2,mdft,8.685,-7.25,0.195,[0.35180163]
2,mdft,3.325,5.47,0.045,[0.24341267]
2,mdft,13.21,-15.195,0.265,[0.31724152]
2,mdft,6.685,-1.325,0.115,[0.31988202]
2,mdft,14.595,-19.275,0.39,[0.28299503]
2,mdft,4.51,-7.79,0.315,[0.21215051]
2,mdft,5.455,-0.835,0.13,[0.38377478]
2,mdft,7.32,-3.67,0.15,[0.22940882]
2,mdft,5.615,-1.28,0.14,[0.26320712]
2,mdft,16.055,-25.885,0.435,[0.20357423]
2,mdft,4.59,4.45,0.04,[0.40074858]
2,mdft,7.05,-52.68,1.135,[0.22369796]
2,mdft,5.785,-150.015,3.145,[0.44803541]
2,mdft,7.715,-14.605,0.365,[0.25767454]
2,mdft,4.675,-18.58,0.505,[0.40229805]
2,mdft,6.695,-2.8,0.145,[0.31841403]
2,mdft,4.58,0.515,0.12,[0.33796586]
2,mdft,5.52,-1.38,0.14,[0.32612635]
2,mdft,4.355,0.75,0.12,[0.45506767]
2,mdft,3.34,-0.985,0.18,[0.25117376]
2,mdft,8.8,-4.425,0.135,[0.44001474]
2,mdft,3.6,-4.605,0.245,[0.23000588]
2,mdft,4.605,2.475,0.08,[0.39762162]
2,wrl,4.53,0.335,0.125,[0.4277068]
2,wrl,8.09,-11.315,0.29,[0.31062517]
2,wrl,4.545,-2.365,0.18,[0.28338256]
2,wrl,8.24,-16.125,0.385,[0.49318886]
2,wrl,10.37,-47.575,1.075,[0.71888253]
2,wrl,8.885,-28.095,0.615,[0.28297595]
2,wrl,4.615,-3.0,0.19,[0.41231902]
2,wrl,5.695,-4.495,0.2,[0.38652198]
2,wrl,4.785,-9.995,0.33,[0.32303309]
2,wrl,6.775,-4.885,0.185,[0.46819235]
2,wrl,5.615,-12.08,0.44,[0.37287418]
2,wrl,4.655,-4.445,0.265,[0.32355497]
2,wrl,9.13,-13.09,0.305,[0.2610784]
2,wrl,6.995,-11.485,0.415,[0.43597812]
2,wrl,7.955,-3.815,0.14,[0.27360472]
2,wrl,5.58,1.485,0.08,[0.24353185]
2,wrl,4.485,-2.805,0.19,[0.32118677]
2,wrl,10.69,-41.34,0.85,[0.35854452]
2,wrl,3.445,-5.675,0.27,[0.37787419]
2,wrl,9.05,-74.66,1.56,[0.43112901]
2,wrl,10.325,-21.135,0.445,[0.38874665]
2,wrl,7.02,-134.63,2.82,[0.38679046]
2,wrl,4.92,-11.825,0.365,[0.24879079]
2,wrl,15.61,-17.605,0.27,[0.29791634]
2,wrl,9.07,-14.005,0.325,[0.44040349]
2,wrl,9.845,-16.76,0.365,[0.46755882]
2,wrl,7.785,-3.165,0.16,[0.22177368]
2,wrl,9.965,-91.57,1.885,[0.41158202]
2,wrl,3.465,4.84,0.055,[0.19679789]
2,wrl,5.655,-8.935,0.29,[0.3667039]
2,wrl,6.955,-21.24,0.54,[0.29218851]
2,wrl,8.055,-5.395,0.17,[0.33634216]
2,wrl,3.55,-8.495,0.325,[0.42003622]
2,wrl,10.335,-83.545,1.715,[0.31405872]
2,wrl,5.575,-2.695,0.165,[0.29422651]
2,wrl,4.575,-2.66,0.185,[0.38080598]
2,wrl,4.53,-2.91,0.19,[0.25919318]
2,wrl,5.8,-6.075,0.23,[0.37548493]
2,wrl,10.685,-9.0,0.19,[0.32915879]
2,wrl,13.795,-34.945,0.655,[0.30085134]
2,wrl,9.95,-18.825,0.405,[0.40081065]
2,wrl,7.545,-16.88,0.46,[0.34900438]
2,wrl,4.39,1.455,0.105,[0.60202699]
2,wrl,4.46,-6.28,0.26,[0.2200462]
2,wrl,17.2,-34.385,0.645,[0.32409973]
2,wrl,4.58,-3.88,0.21,[0.21895606]
2,wrl,7.705,-42.34,0.93,[0.30817951]
2,wrl,5.635,-33.365,0.79,[0.28811583]
2,wrl,6.905,-15.03,0.39,[0.27238135]
2,wrl,5.775,-9.97,0.31,[0.28559538]
2,wrl,3.375,0.695,0.14,[0.18472986]
2,wrl,6.78,-64.12,1.375,[0.362011]
2,wrl,10.355,-22.45,0.495,[0.37408708]
2,wrl,4.705,-0.83,0.145,[0.27874164]
2,wrl,7.065,-9.8,0.28,[0.39872857]
2,wrl,3.31,-0.225,0.16,[0.18316731]
2,wrl,12.605,-21.47,0.405,[0.35954404]
2,wrl,6.99,-14.42,0.375,[0.25839313]
2,wrl,7.19,-6.49,0.23,[0.495527]
2,wrl,6.105,-7.855,0.26,[0.34285905]
2,wrl,3.55,-5.11,0.255,[0.23625915]
2,wrl,6.935,-7.7,0.24,[0.32240637]
2,wrl,5.145,-11.12,0.345,[0.35081595]
2,wrl,20.935,-49.155,0.91,[0.28876907]
2,wrl,7.945,-13.87,0.345,[0.36296138]
2,wrl,11.84,-18.545,0.36,[0.30650329]
2,wrl,4.725,-8.19,0.295,[0.49843732]
2,wrl,3.37,6.405,0.025,[0.43034801]
2,wrl,9.04,-21.625,0.48,[0.2498873]
2,wrl,4.785,-2.855,0.185,[0.24160841]
2,wrl,10.525,-22.09,0.46,[0.2186068]
2,wrl,10.925,-18.36,0.375,[0.32052734]
2,wrl,4.735,-6.29,0.255,[0.22706305]
2,wrl,3.61,1.495,0.12,[0.37851282]
2,wrl,3.395,-9.065,0.34,[0.26432952]
2,wrl,8.24,-5.58,0.17,[0.33981911]
2,wrl,7.6,-20.86,0.495,[0.39280441]
2,wrl,8.62,-12.15,0.295,[0.35180163]
2,wrl,3.485,-1.805,0.19,[0.24341267]
2,wrl,13.745,-25.095,0.455,[0.31724152]
2,wrl,7.695,-20.475,0.485,[0.31988202]
2,wrl,14.83,-22.72,0.46,[0.28299503]
2,wrl,4.68,-12.59,0.425,[0.21215051]
2,wrl,5.605,-6.405,0.24,[0.38377478]
2,wrl,7.515,-3.875,0.15,[0.22940882]
2,wrl,5.78,-4.865,0.205,[0.26320712]
2,wrl,17.94,-33.655,0.565,[0.20357423]
2,wrl,4.53,2.285,0.085,[0.40074858]
2,wrl,6.695,-68.98,1.475,[0.22369796]
2,wrl,5.725,-163.995,3.44,[0.44803541]
2,wrl,7.74,-20.325,0.48,[0.25767454]
2,wrl,4.715,-6.955,0.27,[0.40229805]
2,wrl,7.255,-14.64,0.375,[0.31841403]
2,wrl,4.705,-6.96,0.27,[0.33796586]
2,wrl,5.61,-7.13,0.255,[0.32612635]
2,wrl,4.46,-7.44,0.285,[0.45506767]
2,wrl,3.65,-8.64,0.345,[0.25117376]
2,wrl,9.005,-13.945,0.325,[0.44001474]
2,wrl,3.505,-3.04,0.215,[0.23000588]
2,wrl,4.605,-0.75,0.145,[0.39762162]
3,mdft,4.02,-17.16,0.485,[0.40300843]
3,mdft,7.965,-4.57,0.155,[0.31803107]
3,mdft,4.57,-2.39,0.18,[0.31097428]
3,mdft,8.06,-8.825,0.24,[0.47276442]
3,mdft,59.21,-99.555,1.09,[0.72587966]
3,mdft,8.06,-23.095,0.53,[0.33571196]
3,mdft,4.66,0.895,0.11,[0.44254311]
3,mdft,5.595,0.015,0.11,[0.34166213]
3,mdft,4.505,-4.9,0.23,[0.29434982]
3,mdft,6.585,-9.51,0.28,[0.45741177]
3,mdft,5.345,-19.115,0.535,[0.39529477]
3,mdft,4.515,-3.87,0.235,[0.29238086]
3,mdft,9.025,-13.735,0.32,[0.26199183]
3,mdft,6.285,-13.32,0.47,[0.42366132]
3,mdft,7.775,-5.105,0.17,[0.26111767]
3,mdft,5.19,-9.34,0.305,[0.25963644]
3,mdft,3.595,-29.115,0.745,[0.44235256]
3,mdft,9.525,-71.54,1.49,[0.3289246]
3,mdft,3.435,-3.215,0.22,[0.40709436]
3,mdft,7.69,-53.125,1.135,[0.40213957]
3,mdft,9.745,-14.23,0.315,[0.4052663]
3,mdft,7.3,-114.29,2.405,[0.39160011]
3,mdft,4.63,-4.165,0.215,[0.2330685]
3,mdft,14.52,-13.075,0.195,[0.30229175]
3,mdft,8.765,-5.115,0.15,[0.41345007]
3,mdft,9.005,-83.98,1.74,[0.47394599]
3,mdft,7.61,-3.995,0.165,[0.23050034]
3,mdft,8.955,-139.74,2.865,[0.34888582]
3,mdft,3.52,3.06,0.09,[0.24159285]
3,mdft,4.625,-101.35,2.16,[0.38985095]
3,mdft,6.61,-27.39,0.66,[0.28067664]
3,mdft,7.86,-5.22,0.17,[0.37096375]
3,mdft,3.47,-1.17,0.175,[0.4160491]
3,mdft,9.25,-129.315,2.66,[0.39654761]
3,mdft,4.755,-24.375,0.615,[0.32627073]
3,mdft,4.465,-1.84,0.17,[0.38829497]
3,mdft,4.59,-9.42,0.32,[0.29239656]
3,mdft,5.715,-8.445,0.28,[0.38329079]
3,mdft,10.055,-8.645,0.195,[0.29389742]
3,mdft,13.345,-41.94,0.805,[0.29738208]
3,mdft,8.95,-50.875,1.065,[0.41164139]
3,mdft,6.925,-15.66,0.415,[0.36367337]
3,mdft,3.285,-43.625,1.03,[0.53534185]
3,mdft,4.375,-6.965,0.275,[0.19100172]
3,mdft,14.485,-53.64,1.05,[0.34899873]
3,mdft,4.465,-2.285,0.185,[0.21070477]
3,mdft,6.785,-51.545,1.135,[0.2969735]
3,mdft,4.655,-123.31,2.63,[0.37507015]
3,mdft,6.88,-10.41,0.295,[0.29632206]
3,mdft,5.695,-13.39,0.38,[0.27033261]
3,mdft,3.365,-2.485,0.205,[0.19171152]
3,mdft,5.665,-99.285,2.115,[0.33049726]
3,mdft,8.735,-18.46,0.465,[0.42121091]
3,mdft,4.635,1.19,0.105,[0.30557404]
3,mdft,6.65,1.165,0.065,[0.41254964]
3,mdft,3.35,-0.52,0.165,[0.15292831]
3,mdft,10.92,-74.11,1.495,[0.35021851]
3,mdft,6.765,-24.835,0.59,[0.25421028]
3,mdft,6.405,-6.275,0.235,[0.51386581]
3,mdft,5.845,-13.705,0.38,[0.33361328]
3,mdft,3.415,1.12,0.13,[0.24407898]
3,mdft,5.995,-35.295,0.81,[0.39033821]
3,mdft,4.3,-45.005,1.04,[0.36009436]
3,mdft,19.905,-51.87,0.98,[0.25332011]
3,mdft,7.955,-9.46,0.255,[0.33740494]
3,mdft,11.185,-12.51,0.25,[0.27138173]
3,mdft,4.43,0.2,0.13,[0.45482457]
3,mdft,3.465,7.045,0.01,[0.40328773]
3,mdft,8.955,-16.85,0.385,[0.25016479]
3,mdft,4.505,-6.81,0.27,[0.25869867]
3,mdft,9.875,-18.995,0.41,[0.24276528]
3,mdft,10.01,-46.765,0.96,[0.38655996]
3,mdft,4.515,-15.695,0.45,[0.18347253]
3,mdft,3.35,-0.285,0.16,[0.39729731]
3,mdft,3.435,-5.67,0.27,[0.223349]
3,mdft,7.72,-2.11,0.11,[0.31046745]
3,mdft,6.86,-3.21,0.15,[0.42548043]
3,mdft,8.525,-10.42,0.26,[0.35199129]
3,mdft,3.515,1.6,0.12,[0.28152498]
3,mdft,13.21,-28.095,0.525,[0.27574936]
3,mdft,6.875,-17.945,0.45,[0.34634968]
3,mdft,14.265,-18.48,0.35,[0.26246893]
3,mdft,4.61,-6.66,0.295,[0.2309132]
3,mdft,5.615,-4.225,0.195,[0.35784042]
3,mdft,6.895,-4.96,0.185,[0.2269215]
3,mdft,5.56,2.24,0.065,[0.25575826]
3,mdft,23.805,-44.195,0.655,[0.22803713]
3,mdft,4.555,3.5,0.06,[0.41284667]
3,mdft,6.85,-68.17,1.455,[0.20873673]
3,mdft,5.62,-152.185,3.19,[0.47475686]
3,mdft,7.48,-55.845,1.205,[0.27653372]
3,mdft,4.495,-14.72,0.43,[0.42207665]
3,mdft,6.995,-5.305,0.19,[0.32164066]
3,mdft,4.595,1.74,0.095,[0.33383134]
3,mdft,5.735,2.08,0.065,[0.36672313]
3,mdft,4.105,-5.51,0.25,[0.40604694]
3,mdft,3.34,-1.755,0.19,[0.3026266]
3,mdft,8.94,-5.785,0.16,[0.4325044]
3,mdft,3.46,-5.2,0.26,[0.23789319]
3,mdft,4.425,4.125,0.05,[0.43412777]
3,wrl,4.525,-2.38,0.18,[0.40300843]
3,wrl,8.345,-8.62,0.23,[0.31803107]
3,wrl,4.57,-6.805,0.27,[0.31097428]
3,wrl,8.455,-16.82,0.395,[0.47276442]
3,wrl,9.25,-59.73,1.38,[0.72587966]
3,wrl,8.665,-39.645,0.855,[0.33571196]
3,wrl,4.625,-1.265,0.155,[0.44254311]
3,wrl,5.685,-8.895,0.29,[0.34166213]
3,wrl,4.9,-10.61,0.34,[0.29434982]
3,wrl,6.66,-4.55,0.18,[0.45741177]
3,wrl,5.43,-31.205,0.845,[0.39529477]
3,wrl,4.46,-2.29,0.22,[0.29238086]
3,wrl,9.03,-20.375,0.455,[0.26199183]
3,wrl,6.71,-10.705,0.4,[0.42366132]
3,wrl,7.72,-5.05,0.17,[0.26111767]
3,wrl,5.65,-2.29,0.155,[0.25963644]
3,wrl,4.73,-10.655,0.345,[0.44235256]
3,wrl,10.255,-47.045,0.975,[0.3289246]
3,wrl,3.54,-13.365,0.425,[0.40709436]
3,wrl,8.53,-78.19,1.64,[0.40213957]
3,wrl,10.03,-31.225,0.655,[0.4052663]
3,wrl,6.69,-135.77,2.85,[0.39160011]
3,wrl,4.825,-5.835,0.245,[0.2330685]
3,wrl,16.25,-22.675,0.355,[0.30229175]
3,wrl,8.855,-12.56,0.3,[0.41345007]
3,wrl,10.04,-26.53,0.56,[0.47394599]
3,wrl,7.655,-13.895,0.375,[0.23050034]
3,wrl,9.525,-115.125,2.365,[0.34888582]
3,wrl,3.555,1.3,0.125,[0.24159285]
3,wrl,5.55,-26.345,0.64,[0.38985095]
3,wrl,6.91,-29.815,0.735,[0.28067664]
3,wrl,8.235,-10.97,0.28,[0.37096375]
3,wrl,3.465,-8.42,0.325,[0.4160491]
3,wrl,10.075,-99.16,2.035,[0.39654761]
3,wrl,5.525,-2.655,0.165,[0.32627073]
3,wrl,4.52,-3.84,0.21,[0.38829497]
3,wrl,4.425,-4.285,0.22,[0.29239656]
3,wrl,5.785,-7.785,0.265,[0.38329079]
3,wrl,10.54,-11.565,0.245,[0.29389742]
3,wrl,13.23,-60.08,1.175,[0.29738208]
3,wrl,9.675,-31.18,0.66,[0.41164139]
3,wrl,7.675,-15.315,0.395,[0.36367337]
3,wrl,4.43,-4.305,0.22,[0.53534185]
3,wrl,4.575,-8.62,0.305,[0.19100172]
3,wrl,16.5,-59.27,1.17,[0.34899873]
3,wrl,4.46,-0.565,0.145,[0.21070477]
3,wrl,7.03,-49.53,1.09,[0.2969735]
3,wrl,5.41,-71.03,1.56,[0.37507015]
3,wrl,6.735,-29.195,0.68,[0.29632206]
3,wrl,5.825,-9.295,0.295,[0.27033261]
3,wrl,3.51,-2.655,0.205,[0.19171152]
3,wrl,6.365,-77.695,1.66,[0.33049726]
3,wrl,9.985,-50.24,1.065,[0.42121091]
3,wrl,4.565,-0.225,0.135,[0.30557404]
3,wrl,6.945,-8.69,0.26,[0.41254964]
3,wrl,3.315,-3.965,0.235,[0.15292831]
3,wrl,12.305,-28.16,0.545,[0.35021851]
3,wrl,6.755,-14.705,0.385,[0.25421028]
3,wrl,6.85,-7.15,0.265,[0.51386581]
3,wrl,5.975,-10.45,0.315,[0.33361328]
3,wrl,3.455,-10.25,0.36,[0.24407898]
3,wrl,6.905,-10.425,0.295,[0.39033821]
3,wrl,4.555,-24.335,0.625,[0.36009436]
3,wrl,20.195,-67.17,1.285,[0.25332011]
3,wrl,7.815,-12.51,0.32,[0.33740494]
3,wrl,11.9,-18.14,0.35,[0.27138173]
3,wrl,4.635,-6.14,0.255,[0.45482457]
3,wrl,3.365,6.9,0.015,[0.40328773]
3,wrl,9.05,-31.975,0.69,[0.25016479]
3,wrl,4.655,-4.935,0.23,[0.25869867]
3,wrl,10.055,-35.765,0.745,[0.24276528]
3,wrl,10.64,-27.69,0.57,[0.38655996]
3,wrl,4.48,-5.55,0.245,[0.18347253]
3,wrl,3.615,1.975,0.11,[0.39729731]
3,wrl,3.435,-5.2,0.26,[0.223349]
3,wrl,8.365,-9.65,0.25,[0.31046745]
3,wrl,7.405,-25.855,0.6,[0.42548043]
3,wrl,8.505,-16.54,0.385,[0.35199129]
3,wrl,3.335,-1.89,0.195,[0.28152498]
3,wrl,12.82,-36.445,0.705,[0.27574936]
3,wrl,7.76,-35.765,0.795,[0.34634968]
3,wrl,14.825,-27.255,0.52,[0.26246893]
3,wrl,4.695,-13.335,0.445,[0.2309132]
3,wrl,5.495,-5.81,0.23,[0.35784042]
3,wrl,7.27,-10.755,0.295,[0.2269215]
3,wrl,5.94,-3.04,0.165,[0.25575826]
3,wrl,21.815,-66.7,1.155,[0.22803713]
3,wrl,4.58,2.98,0.07,[0.41284667]
3,wrl,6.29,-86.965,1.85,[0.20873673]
3,wrl,5.91,-166.525,3.49,[0.47475686]
3,wrl,7.355,-43.4,0.955,[0.27653372]
3,wrl,4.615,-10.085,0.335,[0.42207665]
3,wrl,7.235,-16.835,0.42,[0.32164066]
3,wrl,4.59,-2.925,0.19,[0.33383134]
3,wrl,5.475,-8.955,0.295,[0.36672313]
3,wrl,4.35,-5.14,0.24,[0.40604694]
3,wrl,3.505,-12.415,0.43,[0.3026266]
3,wrl,8.815,-18.65,0.425,[0.4325044]
3,wrl,3.485,-2.285,0.2,[0.23789319]
3,wrl,4.605,-6.44,0.26,[0.43412777]
4,mdft,3.325,-37.25,0.9,[0.44472393]
4,mdft,7.96,-8.475,0.235,[0.32416004]
4,mdft,4.555,-1.15,0.155,[0.30171999]
4,mdft,7.965,-11.185,0.29,[0.47147292]
4,mdft,21.99,-43.565,0.69,[0.70386581]
4,mdft,6.015,-44.805,1.015,[0.37373401]
4,mdft,4.49,0.06,0.13,[0.38071097]
4,mdft,5.53,1.795,0.075,[0.39368783]
4,mdft,4.46,-4.115,0.215,[0.26969402]
4,mdft,5.86,-53.52,1.175,[0.40609636]
4,mdft,4.675,-112.225,2.405,[0.35667654]
4,mdft,4.46,-4.805,0.275,[0.31922174]
4,mdft,8.55,-27.335,0.605,[0.25394788]
4,mdft,5.69,-44.86,1.18,[0.42888496]
4,mdft,7.5,-2.625,0.125,[0.26285346]
4,mdft,4.63,-35.265,0.835,[0.31343264]
4,mdft,3.515,-36.13,0.89,[0.4158371]
4,mdft,9.085,-82.865,1.73,[0.36506709]
4,mdft,3.28,1.84,0.12,[0.37277406]
4,mdft,7.045,-55.31,1.19,[0.3853658]
4,mdft,8.74,-42.43,0.905,[0.40459861]
4,mdft,6.895,-115.83,2.445,[0.38625938]
4,mdft,4.665,-7.65,0.285,[0.23138912]
4,mdft,14.825,-17.565,0.28,[0.31842492]
4,mdft,8.75,-7.06,0.19,[0.42758161]
4,mdft,9.15,-80.92,1.675,[0.40509551]
4,mdft,6.895,-39.99,0.92,[0.23438474]
4,mdft,8.9,-137.285,2.815,[0.33619626]
4,mdft,3.615,2.235,0.105,[0.20928702]
4,mdft,4.55,-106.72,2.27,[0.28636633]
4,mdft,6.67,-37.765,0.885,[0.27729699]
4,mdft,7.885,-7.965,0.225,[0.34952574]
4,mdft,3.33,-0.03,0.155,[0.41605778]
4,mdft,8.86,-142.815,2.94,[0.39612583]
4,mdft,4.375,-42.69,0.99,[0.36540885]
4,mdft,4.54,-0.67,0.145,[0.34693988]
4,mdft,4.4,-5.275,0.24,[0.27046452]
4,mdft,5.6,-1.705,0.145,[0.43030709]
4,mdft,10.23,-8.82,0.195,[0.29372876]
4,mdft,12.21,-125.285,2.515,[0.31533691]
4,mdft,8.83,-51.53,1.08,[0.40050318]
4,mdft,6.76,-15.505,0.405,[0.3210097]
4,mdft,3.32,-45.9,1.075,[0.50887196]
4,mdft,4.545,-9.85,0.33,[0.1891596]
4,mdft,13.705,-111.37,2.25,[0.34959138]
4,mdft,4.385,-1.715,0.17,[0.22972386]
4,mdft,6.87,-53.65,1.175,[0.28401853]
4,mdft,4.18,-164.695,3.475,[0.34674191]
4,mdft,5.185,-38.01,0.88,[0.30912114]
4,mdft,5.715,-16.845,0.45,[0.28354435]
4,mdft,3.37,-3.23,0.22,[0.17812042]
4,mdft,5.82,-103.86,2.205,[0.33682213]
4,mdft,8.26,-44.68,0.99,[0.42501474]
4,mdft,4.635,-0.06,0.13,[0.26006347]
4,mdft,6.685,1.62,0.055,[0.44860776]
4,mdft,3.405,-2.055,0.195,[0.16397692]
4,mdft,10.315,-104.845,2.135,[0.33344091]
4,mdft,6.72,-24.075,0.575,[0.23223288]
4,mdft,5.97,-25.325,0.62,[0.53762009]
4,mdft,5.635,-7.55,0.26,[0.31471211]
4,mdft,3.44,-4.88,0.25,[0.23056006]
4,mdft,5.795,-47.565,1.06,[0.37148817]
4,mdft,3.72,-47.59,1.115,[0.22853399]
4,mdft,18.605,-108.105,2.125,[0.24357522]
4,mdft,7.82,-5.655,0.18,[0.3480771]
4,mdft,11.575,-24.755,0.49,[0.28026156]
4,mdft,4.395,-1.48,0.165,[0.4614601]
4,mdft,3.435,7.075,0.01,[0.43467495]
4,mdft,8.87,-16.52,0.38,[0.23548387]
4,mdft,4.47,-8.01,0.295,[0.28453778]
4,mdft,9.22,-52.955,1.105,[0.25248437]
4,mdft,9.795,-51.23,1.055,[0.33962802]
4,mdft,4.585,-9.135,0.315,[0.18358368]
4,mdft,3.36,0.185,0.15,[0.40047663]
4,mdft,3.31,-4.805,0.255,[0.28954563]
4,mdft,7.285,-23.895,0.555,[0.30322151]
4,mdft,6.77,-11.705,0.325,[0.42424133]
4,mdft,7.83,-36.405,0.795,[0.35753936]
4,mdft,3.49,4.08,0.07,[0.28447317]
4,mdft,11.41,-59.825,1.195,[0.25090751]
4,mdft,5.33,-84.365,1.83,[0.39967499]
4,mdft,13.845,-59.01,1.175,[0.25564053]
4,mdft,4.43,-7.975,0.3,[0.20485936]
4,mdft,5.68,-7.97,0.27,[0.39495302]
4,mdft,6.985,-17.87,0.445,[0.27470313]
4,mdft,5.665,0.145,0.105,[0.26856103]
4,mdft,36.62,-129.1,2.15,[0.27785396]
4,mdft,4.48,3.575,0.06,[0.43109019]
4,mdft,5.805,-121.025,2.555,[0.33001734]
4,mdft,5.55,-141.325,2.97,[0.50738129]
4,mdft,6.87,-75.26,1.605,[0.282006]
4,mdft,4.455,-12.2,0.38,[0.40839278]
4,mdft,6.755,-6.545,0.22,[0.3265997]
4,mdft,4.475,-1.335,0.16,[0.3378587]
4,mdft,5.5,-0.625,0.125,[0.35413934]
4,mdft,3.645,-31.755,0.785,[0.41149809]
4,mdft,3.47,-9.07,0.36,[0.3453057]
4,mdft,8.905,-9.195,0.23,[0.44252138]
4,mdft,3.435,-3.46,0.225,[0.17911304]
4,mdft,4.635,2.69,0.075,[0.41014914]
4,wrl,4.355,-4.47,0.225,[0.44472393]
4,wrl,8.14,-13.81,0.34,[0.32416004]
4,wrl,4.645,-7.855,0.29,[0.30171999]
4,wrl,8.46,-19.285,0.445,[0.47147292]
4,wrl,9.805,-97.25,2.125,[0.70386581]
4,wrl,8.38,-49.875,1.07,[0.37373401]
4,wrl,4.49,0.36,0.125,[0.38071097]
4,wrl,5.615,-11.765,0.35,[0.39368783]
4,wrl,4.665,-7.915,0.29,[0.26969402]
4,wrl,6.72,-13.31,0.355,[0.40609636]
4,wrl,5.005,-70.82,1.63,[0.35667654]
4,wrl,4.555,-10.23,0.385,[0.31922174]
4,wrl,8.795,-39.07,0.84,[0.25394788]
4,wrl,6.68,-12.4,0.42,[0.42888496]
4,wrl,7.63,-5.695,0.185,[0.26285346]
4,wrl,5.475,-9.82,0.31,[0.31343264]
4,wrl,4.295,-17.315,0.49,[0.4158371]
4,wrl,9.78,-61.275,1.275,[0.36506709]
4,wrl,3.385,-10.27,0.365,[0.37277406]
4,wrl,7.645,-78.81,1.665,[0.3853658]
4,wrl,9.52,-53.76,1.12,[0.40459861]
4,wrl,6.965,-138.73,2.905,[0.38625938]
4,wrl,4.825,-10.25,0.335,[0.23138912]
4,wrl,15.94,-43.575,0.785,[0.31842492]
4,wrl,8.85,-15.245,0.355,[0.42758161]
4,wrl,9.45,-49.475,1.035,[0.40509551]
4,wrl,6.86,-40.415,0.96,[0.23438474]
4,wrl,9.31,-133.455,2.735,[0.33619626]
4,wrl,3.585,2.995,0.09,[0.20928702]
4,wrl,4.93,-74.135,1.61,[0.28636633]
4,wrl,6.905,-31.795,0.8,[0.27729699]
4,wrl,8.095,-11.815,0.3,[0.34952574]
4,wrl,3.63,-10.83,0.37,[0.41605778]
4,wrl,9.635,-130.875,2.685,[0.39612583]
4,wrl,5.4,-9.03,0.295,[0.36540885]
4,wrl,4.555,-1.42,0.16,[0.34693988]
4,wrl,4.53,-8.11,0.295,[0.27046452]
4,wrl,5.825,-10.785,0.325,[0.43030709]
4,wrl,11.055,-22.89,0.465,[0.29372876]
4,wrl,12.75,-103.855,2.07,[0.31533691]
4,wrl,9.67,-47.62,0.99,[0.40050318]
4,wrl,7.32,-18.69,0.485,[0.3210097]
4,wrl,4.22,-9.56,0.33,[0.50887196]
4,wrl,4.465,-9.985,0.335,[0.1891596]
4,wrl,16.07,-101.78,2.04,[0.34959138]
4,wrl,4.51,-6.005,0.255,[0.22972386]
4,wrl,6.805,-50.325,1.11,[0.28401853]
4,wrl,4.455,-115.835,2.485,[0.34674191]
4,wrl,6.06,-47.415,1.06,[0.30912114]
4,wrl,5.725,-11.41,0.34,[0.28354435]
4,wrl,3.275,-0.92,0.175,[0.17812042]
4,wrl,5.855,-109.53,2.32,[0.33682213]
4,wrl,9.305,-74.54,1.575,[0.42501474]
4,wrl,4.665,-1.805,0.165,[0.26006347]
4,wrl,6.92,-15.055,0.39,[0.44860776]
4,wrl,3.425,-2.815,0.21,[0.16397692]
4,wrl,11.72,-60.045,1.2,[0.33344091]
4,wrl,6.835,-23.925,0.57,[0.23223288]
4,wrl,6.525,-19.92,0.52,[0.53762009]
4,wrl,5.985,-9.76,0.3,[0.31471211]
4,wrl,3.575,-11.59,0.385,[0.23056006]
4,wrl,6.695,-18.935,0.47,[0.37148817]
4,wrl,3.895,-43.575,1.03,[0.22853399]
4,wrl,19.6,-114.885,2.31,[0.24357522]
4,wrl,7.74,-14.625,0.365,[0.3480771]
4,wrl,11.93,-28.745,0.565,[0.28026156]
4,wrl,4.795,-8.52,0.3,[0.4614601]
4,wrl,3.35,6.18,0.03,[0.43467495]
4,wrl,8.93,-35.57,0.765,[0.23548387]
4,wrl,4.65,-7.175,0.275,[0.28453778]
4,wrl,9.43,-50.83,1.06,[0.25248437]
4,wrl,9.88,-43.19,0.895,[0.33962802]
4,wrl,4.48,-5.3,0.24,[0.18358368]
4,wrl,3.45,1.875,0.115,[0.40047663]
4,wrl,3.515,-17.035,0.5,[0.28954563]
4,wrl,8.08,-13.595,0.335,[0.30322151]
4,wrl,7.325,-52.355,1.14,[0.42424133]
4,wrl,8.315,-31.315,0.685,[0.35753936]
4,wrl,3.405,-7.61,0.31,[0.28447317]
4,wrl,11.9,-69.34,1.38,[0.25090751]
4,wrl,7.1,-66.65,1.435,[0.39967499]
4,wrl,14.035,-53.54,1.065,[0.25564053]
4,wrl,4.555,-12.235,0.41,[0.20485936]
4,wrl,5.6,-8.35,0.28,[0.39495302]
4,wrl,7.3,-26.095,0.605,[0.27470313]
4,wrl,5.75,-7.755,0.265,[0.26856103]
4,wrl,25.245,-147.47,2.745,[0.27785396]
4,wrl,4.58,1.005,0.11,[0.43109019]
4,wrl,5.435,-134.86,2.845,[0.33001734]
4,wrl,5.79,-167.7,3.515,[0.50738129]
4,wrl,7.2,-72.28,1.54,[0.282006]
4,wrl,4.54,-11.045,0.355,[0.40839278]
4,wrl,7.105,-15.23,0.39,[0.3265997]
4,wrl,4.615,-6.875,0.27,[0.3378587]
4,wrl,5.6,-10.31,0.32,[0.35413934]
4,wrl,4.42,-10.18,0.34,[0.41149809]
4,wrl,3.505,-15.845,0.515,[0.3453057]
4,wrl,8.98,-18.815,0.425,[0.44252138]
4,wrl,3.535,-3.07,0.215,[0.17911304]
4,wrl,4.56,-4.4,0.22,[0.41014914]
5,mdft,3.445,-39.33,0.94,[0.41212728]
5,mdft,8.0,-12.2,0.31,[0.31304019]
5,mdft,4.45,-2.025,0.175,[0.30007331]
5,mdft,7.76,-6.81,0.205,[0.43245868]
5,mdft,9.235,-22.46,0.505,[0.67983993]
5,mdft,5.59,-53.97,1.21,[0.34665385]
5,mdft,4.585,1.71,0.095,[0.38258986]
5,mdft,5.66,-4.95,0.21,[0.3932275]
5,mdft,4.47,-6.365,0.26,[0.26244613]
5,mdft,5.815,-83.9,1.785,[0.42428603]
5,mdft,4.49,-131.69,2.8,[0.34010184]
5,mdft,3.95,-26.105,0.69,[0.28491183]
5,mdft,8.045,-50.815,1.095,[0.27337507]
5,mdft,5.66,-49.58,1.25,[0.41485937]
5,mdft,7.835,-8.625,0.24,[0.2822374]
5,mdft,4.505,-44.345,1.02,[0.34263268]
5,mdft,3.455,-36.31,0.895,[0.36198931]
5,mdft,9.295,-78.92,1.645,[0.28872709]
5,mdft,3.43,-1.985,0.195,[0.37559656]
5,mdft,6.28,-71.7,1.54,[0.36877281]
5,mdft,7.91,-53.485,1.15,[0.3932563]
5,mdft,6.805,-119.735,2.525,[0.43018324]
5,mdft,4.66,-3.96,0.21,[0.21619733]
5,mdft,13.935,-38.34,0.715,[0.33392257]
5,mdft,9.155,-12.365,0.29,[0.44506972]
5,mdft,9.005,-79.045,1.64,[0.38684169]
5,mdft,5.91,-88.19,1.895,[0.27528421]
5,mdft,8.965,-144.285,2.955,[0.32012386]
5,mdft,3.44,4.615,0.06,[0.23681216]
5,mdft,4.73,-108.26,2.3,[0.22592158]
5,mdft,6.595,-18.24,0.495,[0.28066741]
5,mdft,7.97,-14.91,0.365,[0.34647867]
5,mdft,3.35,0.92,0.135,[0.50263335]
5,mdft,9.195,-139.62,2.87,[0.36961784]
5,mdft,4.46,-44.515,1.025,[0.32395572]
5,mdft,4.49,-1.37,0.16,[0.29577218]
5,mdft,4.605,-10.415,0.34,[0.30175843]
5,mdft,5.715,-6.48,0.24,[0.41196015]
5,mdft,10.025,-17.965,0.385,[0.32423142]
5,mdft,10.39,-196.895,4.01,[0.35101736]
5,mdft,8.97,-55.28,1.155,[0.3999161]
5,mdft,6.565,-24.95,0.6,[0.34803868]
5,mdft,3.25,-43.645,1.03,[0.4168314]
5,mdft,4.44,-7.325,0.28,[0.17188128]
5,mdft,13.36,-121.665,2.47,[0.33620001]
5,mdft,4.55,-4.82,0.23,[0.26009233]
5,mdft,6.74,-48.8,1.08,[0.30002362]
5,mdft,3.52,-197.015,4.135,[0.396663]
5,mdft,4.95,-54.37,1.215,[0.27717889]
5,mdft,5.78,-18.38,0.48,[0.28574747]
5,mdft,3.355,-1.01,0.175,[0.19156176]
5,mdft,5.155,-132.595,2.805,[0.26912225]
5,mdft,7.335,-87.275,1.88,[0.39811604]
5,mdft,4.675,-1.35,0.155,[0.29250897]
5,mdft,6.645,0.43,0.08,[0.45639792]
5,mdft,3.22,-0.13,0.16,[0.17984639]
5,mdft,9.98,-134.72,2.75,[0.25229364]
5,mdft,6.705,-25.035,0.595,[0.25273701]
5,mdft,5.605,-40.445,0.945,[0.52839166]
5,mdft,5.615,-9.49,0.3,[0.33174682]
5,mdft,3.395,-0.355,0.16,[0.25871067]
5,mdft,5.69,-50.955,1.13,[0.33327]
5,mdft,3.385,-47.325,1.12,[0.22997033]
5,mdft,17.86,-136.225,2.74,[0.26819475]
5,mdft,7.98,-33.255,0.74,[0.34272914]
5,mdft,10.63,-70.815,1.45,[0.34158402]
5,mdft,4.445,-3.265,0.2,[0.48082349]
5,mdft,3.315,6.46,0.025,[0.40824969]
5,mdft,8.83,-26.065,0.575,[0.29285581]
5,mdft,4.585,-10.345,0.34,[0.29721824]
5,mdft,8.885,-60.46,1.26,[0.32438896]
5,mdft,9.875,-47.365,0.975,[0.33911311]
5,mdft,4.58,-11.325,0.36,[0.21046236]
5,mdft,3.3,1.495,0.125,[0.37536036]
5,mdft,3.32,-4.57,0.25,[0.30253252]
5,mdft,6.185,-76.645,1.645,[0.39757814]
5,mdft,6.06,-66.04,1.44,[0.40005997]
5,mdft,7.855,-42.645,0.92,[0.36366709]
5,mdft,3.33,3.255,0.09,[0.29916291]
5,mdft,10.57,-109.605,2.225,[0.25965887]
5,mdft,4.565,-96.105,2.075,[0.41922215]
5,mdft,11.46,-148.435,3.02,[0.30434736]
5,mdft,4.655,-12.62,0.43,[0.20303367]
5,mdft,5.58,-17.15,0.46,[0.39777857]
5,mdft,6.565,-10.36,0.3,[0.29419269]
5,mdft,5.68,-0.855,0.125,[0.25945217]
5,mdft,37.93,-235.595,4.31,[0.36527559]
5,mdft,4.46,5.56,0.02,[0.43651723]
5,mdft,4.67,-150.285,3.175,[0.34682892]
5,mdft,5.57,-144.96,3.045,[0.51112072]
5,mdft,6.72,-81.56,1.735,[0.32751495]
5,mdft,4.435,-18.845,0.515,[0.37588505]
5,mdft,6.805,-5.125,0.19,[0.36253172]
5,mdft,4.465,-0.33,0.14,[0.37417733]
5,mdft,5.59,-15.665,0.43,[0.36565914]
5,mdft,3.405,-42.54,1.005,[0.41061013]
5,mdft,3.435,-4.555,0.255,[0.34779597]
5,mdft,8.83,-18.435,0.42,[0.45169047]
5,mdft,3.49,-1.31,0.18,[0.21935619]
5,mdft,4.475,4.56,0.04,[0.40984777]
5,wrl,4.2,-15.985,0.46,[0.41212728]
5,wrl,8.01,-16.875,0.405,[0.31304019]
5,wrl,4.6,-10.26,0.34,[0.30007331]
5,wrl,8.445,-24.41,0.55,[0.43245868]
5,wrl,8.725,-106.56,2.285,[0.67983993]
5,wrl,7.065,-61.44,1.33,[0.34665385]
5,wrl,4.61,-0.245,0.135,[0.38258986]
5,wrl,5.625,-19.86,0.515,[0.3932275]
5,wrl,4.7,-16.36,0.46,[0.26244613]
5,wrl,6.44,-34.465,0.785,[0.42428603]
5,wrl,4.57,-116.325,2.49,[0.34010184]
5,wrl,4.36,-15.21,0.5,[0.28491183]
5,wrl,8.45,-63.275,1.34,[0.27337507]
5,wrl,6.345,-21.245,0.685,[0.41485937]
5,wrl,7.685,-9.455,0.26,[0.2822374]
5,wrl,5.275,-23.58,0.59,[0.34263268]
5,wrl,4.08,-26.895,0.69,[0.36198931]
5,wrl,9.63,-74.615,1.55,[0.28872709]
5,wrl,3.42,-12.51,0.41,[0.37559656]
5,wrl,6.905,-86.835,1.84,[0.36877281]
5,wrl,8.845,-74.715,1.56,[0.3932563]
5,wrl,6.65,-150.065,3.14,[0.43018324]
5,wrl,4.77,-7.745,0.285,[0.21619733]
5,wrl,15.18,-82.175,1.585,[0.33392257]
5,wrl,9.035,-23.765,0.525,[0.44506972]
5,wrl,9.43,-74.075,1.535,[0.38684169]
5,wrl,6.115,-79.765,1.775,[0.27528421]
5,wrl,9.205,-146.97,3.01,[0.32012386]
5,wrl,3.56,1.31,0.125,[0.23681216]
5,wrl,4.655,-110.88,2.355,[0.22592158]
5,wrl,6.69,-26.2,0.67,[0.28066741]
5,wrl,8.24,-18.105,0.425,[0.34647867]
5,wrl,3.535,-15.635,0.47,[0.50263335]
5,wrl,9.265,-134.06,2.755,[0.36961784]
5,wrl,4.99,-24.515,0.615,[0.32395572]
5,wrl,4.58,-5.37,0.24,[0.29577218]
5,wrl,4.485,-8.065,0.295,[0.30175843]
5,wrl,6.08,-14.935,0.405,[0.41196015]
5,wrl,10.17,-41.66,0.865,[0.32423142]
5,wrl,11.865,-160.33,3.235,[0.35101736]
5,wrl,9.17,-62.755,1.305,[0.3999161]
5,wrl,7.25,-42.54,0.985,[0.34803868]
5,wrl,3.885,-20.185,0.55,[0.4168314]
5,wrl,4.59,-12.615,0.385,[0.17188128]
5,wrl,16.14,-139.41,2.8,[0.33620001]
5,wrl,4.585,-5.345,0.24,[0.26009233]
5,wrl,6.8,-48.18,1.065,[0.30002362]
5,wrl,4.27,-144.42,3.065,[0.396663]
5,wrl,5.505,-58.41,1.29,[0.27717889]
5,wrl,6.025,-17.86,0.465,[0.28574747]
5,wrl,3.32,-2.695,0.21,[0.19156176]
5,wrl,5.055,-146.47,3.09,[0.26912225]
5,wrl,9.035,-100.935,2.11,[0.39811604]
5,wrl,4.565,-6.37,0.26,[0.29250897]
5,wrl,6.995,-18.535,0.46,[0.45639792]
5,wrl,3.35,-3.495,0.225,[0.17984639]
5,wrl,10.5,-122.395,2.49,[0.25229364]
5,wrl,6.67,-30.17,0.7,[0.25273701]
5,wrl,6.395,-35.09,0.825,[0.52839166]
5,wrl,5.915,-7.76,0.26,[0.33174682]
5,wrl,3.39,-10.94,0.375,[0.25871067]
5,wrl,6.495,-35.455,0.805,[0.33327]
5,wrl,3.65,-48.405,1.135,[0.22997033]
5,wrl,18.05,-174.865,3.7,[0.26819475]
5,wrl,7.82,-21.35,0.5,[0.34272914]
5,wrl,11.44,-70.62,1.425,[0.34158402]
5,wrl,4.615,-8.82,0.31,[0.48082349]
5,wrl,3.34,6.925,0.015,[0.40824969]
5,wrl,8.98,-51.335,1.085,[0.29285581]
5,wrl,4.865,-20.925,0.55,[0.29721824]
5,wrl,9.25,-61.96,1.29,[0.32438896]
5,wrl,9.71,-54.215,1.12,[0.33911311]
5,wrl,4.655,-11.92,0.37,[0.21046236]
5,wrl,3.49,-0.885,0.17,[0.37536036]
5,wrl,3.515,-18.26,0.525,[0.30253252]
5,wrl,7.625,-32.445,0.725,[0.39757814]
5,wrl,6.825,-88.21,1.875,[0.40005997]
5,wrl,8.045,-41.985,0.905,[0.36366709]
5,wrl,3.395,-6.865,0.295,[0.29916291]
5,wrl,10.39,-114.055,2.32,[0.25965887]
5,wrl,6.055,-92.365,1.975,[0.41922215]
5,wrl,12.905,-110.85,2.215,[0.30434736]
5,wrl,4.59,-8.12,0.33,[0.20303367]
5,wrl,5.705,-8.705,0.285,[0.39777857]
5,wrl,7.125,-33.125,0.75,[0.29419269]
5,wrl,5.88,-5.43,0.215,[0.25945217]
5,wrl,18.49,-230.585,4.585,[0.36527559]
5,wrl,4.555,2.275,0.085,[0.43651723]
5,wrl,4.94,-141.72,2.995,[0.34682892]
5,wrl,5.72,-162.62,3.415,[0.51112072]
5,wrl,6.89,-70.285,1.505,[0.32751495]
5,wrl,4.58,-18.965,0.515,[0.37588505]
5,wrl,7.09,-11.045,0.305,[0.36253172]
5,wrl,4.61,-6.365,0.26,[0.37417733]
5,wrl,5.555,-22.29,0.565,[0.36565914]
5,wrl,3.975,-15.535,0.455,[0.41061013]
5,wrl,3.505,-18.09,0.57,[0.34779597]
5,wrl,9.025,-22.54,0.5,[0.45169047]
5,wrl,3.465,-1.53,0.185,[0.21935619]
5,wrl,4.61,-7.9,0.29,[0.40984777]
6,mdft,3.35,-39.265,0.94,[0.34070567]
6,mdft,7.95,-10.675,0.28,[0.35445551]
6,mdft,4.595,-22.995,0.6,[0.31370446]
6,mdft,7.885,-9.645,0.26,[0.42865698]
6,mdft,8.605,-50.31,1.105,[0.68673802]
6,mdft,5.095,-80.165,1.745,[0.30933375]
6,mdft,4.475,1.83,0.095,[0.32294289]
6,mdft,5.76,-1.375,0.135,[0.450294]
6,mdft,4.565,-4.72,0.225,[0.31979818]
6,mdft,5.51,-84.415,1.8,[0.37482504]
6,mdft,4.515,-133.43,2.83,[0.31559379]
6,mdft,3.47,-52.615,1.285,[0.37227109]
6,mdft,7.925,-66.91,1.425,[0.30171671]
6,mdft,5.575,-50.725,1.31,[0.40545305]
6,mdft,7.59,-15.98,0.395,[0.32473238]
6,mdft,4.52,-41.885,0.97,[0.27664251]
6,mdft,3.545,-38.36,0.935,[0.29508052]
6,mdft,9.19,-93.38,1.94,[0.27740095]
6,mdft,3.365,-0.695,0.17,[0.41219313]
6,mdft,5.575,-96.995,2.07,[0.38393451]
6,mdft,7.72,-60.435,1.295,[0.38253482]
6,mdft,6.595,-120.53,2.545,[0.46631484]
6,mdft,4.8,-4.105,0.21,[0.24796439]
6,mdft,11.95,-108.145,2.17,[0.35146091]
6,mdft,8.91,-35.15,0.76,[0.4391554]
6,mdft,8.94,-80.985,1.68,[0.40893998]
6,mdft,5.57,-101.165,2.165,[0.3325377]
6,mdft,8.895,-141.715,2.905,[0.35462936]
6,mdft,3.53,2.56,0.1,[0.23053657]
6,mdft,4.535,-99.98,2.135,[0.29363945]
6,mdft,6.795,-36.405,0.825,[0.31410957]
6,mdft,7.79,-9.805,0.265,[0.35983295]
6,mdft,3.365,0.685,0.14,[0.49034698]
6,mdft,9.105,-146.965,3.02,[0.44375071]
6,mdft,4.195,-44.665,1.035,[0.24389168]
6,mdft,4.58,0.03,0.13,[0.26679863]
6,mdft,4.625,-11.43,0.36,[0.28001567]
6,mdft,5.67,-3.005,0.17,[0.42469017]
6,mdft,8.29,-105.38,2.195,[0.37151075]
6,mdft,9.775,-257.52,5.255,[0.31254646]
6,mdft,8.96,-50.14,1.05,[0.40047157]
6,mdft,5.84,-82.605,1.79,[0.37457361]
6,mdft,3.34,-41.705,0.99,[0.34425741]
6,mdft,4.47,-4.355,0.22,[0.24846184]
6,mdft,12.62,-164.8,3.38,[0.34648971]
6,mdft,4.55,-2.86,0.19,[0.28380929]
6,mdft,6.78,-51.12,1.125,[0.30644864]
6,mdft,3.46,-199.46,4.185,[0.29265833]
6,mdft,4.61,-50.85,1.15,[0.31318259]
6,mdft,5.56,-12.525,0.365,[0.3050081]
6,mdft,3.4,-5.25,0.26,[0.24500069]
6,mdft,4.68,-159.605,3.365,[0.3023034]
6,mdft,6.98,-100.77,2.13,[0.40752789]
6,mdft,4.64,2.66,0.075,[0.30881708]
6,mdft,6.585,0.495,0.08,[0.41931826]
6,mdft,3.48,-1.395,0.18,[0.18022498]
6,mdft,8.405,-185.355,3.815,[0.21763975]
6,mdft,6.485,-18.16,0.46,[0.27634177]
6,mdft,5.57,-41.895,0.965,[0.5259442]
6,mdft,5.615,-12.24,0.355,[0.30617387]
6,mdft,3.395,-2.335,0.2,[0.2840459]
6,mdft,5.705,-48.965,1.09,[0.29232775]
6,mdft,3.44,-46.64,1.105,[0.21425051]
6,mdft,15.22,-215.255,4.64,[0.31577297]
6,mdft,7.88,-67.455,1.44,[0.44495386]
6,mdft,10.0,-113.215,2.325,[0.36818506]
6,mdft,4.54,0.575,0.12,[0.45790737]
6,mdft,3.255,6.52,0.025,[0.42094139]
6,mdft,8.775,-27.24,0.6,[0.31902671]
6,mdft,4.54,-7.86,0.29,[0.33884626]
6,mdft,9.095,-63.06,1.31,[0.33833537]
6,mdft,9.685,-58.285,1.205,[0.3659312]
6,mdft,4.505,-8.25,0.3,[0.20285969]
6,mdft,3.33,0.96,0.135,[0.38436369]
6,mdft,3.415,-5.89,0.275,[0.36446517]
6,mdft,5.325,-112.895,2.4,[0.3993946]
6,mdft,4.585,-141.665,3.0,[0.42508252]
6,mdft,7.97,-43.945,0.945,[0.38271784]
6,mdft,3.33,2.03,0.115,[0.31743303]
6,mdft,7.945,-159.205,3.29,[0.2383463]
6,mdft,4.51,-102.045,2.195,[0.3771154]
6,mdft,9.785,-220.83,4.52,[0.34143501]
6,mdft,4.52,-7.3,0.305,[0.2564025]
6,mdft,5.68,-85.895,1.86,[0.57343923]
6,mdft,6.645,-13.665,0.365,[0.34293175]
6,mdft,5.54,0.045,0.115,[0.23872832]
6,mdft,34.195,-298.555,5.63,[0.42723986]
6,mdft,4.565,3.0,0.07,[0.43958928]
6,mdft,4.56,-155.35,3.28,[0.31561694]
6,mdft,5.6,-148.49,3.115,[0.4861729]
6,mdft,6.75,-92.225,1.95,[0.3476615]
6,mdft,4.605,-16.81,0.47,[0.39358168]
6,mdft,6.88,-6.67,0.22,[0.32323706]
6,mdft,4.485,-0.855,0.15,[0.3668569]
6,mdft,5.54,-53.555,1.2,[0.41297511]
6,mdft,3.385,-40.5,0.965,[0.33931593]
6,mdft,3.33,0.235,0.165,[0.42363215]
6,mdft,8.955,-29.33,0.64,[0.46458059]
6,mdft,3.465,-5.45,0.265,[0.20985952]
6,mdft,4.435,3.87,0.055,[0.39392521]
6,wrl,3.72,-28.48,0.72,[0.34070567]
6,wrl,8.225,-23.45,0.535,[0.35445551]
6,wrl,4.61,-15.425,0.445,[0.31370446]
6,wrl,8.23,-24.685,0.56,[0.42865698]
6,wrl,8.455,-150.475,3.215,[0.68673802]
6,wrl,6.01,-85.225,1.83,[0.30933375]
6,wrl,4.71,-2.555,0.18,[0.32294289]
6,wrl,5.625,-30.64,0.735,[0.450294]
6,wrl,4.785,-25.275,0.64,[0.31979818]
6,wrl,6.115,-60.08,1.305,[0.37482504]
6,wrl,4.615,-129.23,2.75,[0.31559379]
6,wrl,4.015,-32.795,0.95,[0.37227109]
6,wrl,8.02,-73.6,1.56,[0.30171671]
6,wrl,6.13,-39.46,1.005,[0.40545305]
6,wrl,7.43,-26.205,0.605,[0.32473238]
6,wrl,4.94,-31.45,0.755,[0.27664251]
6,wrl,3.9,-36.77,0.895,[0.29508052]
6,wrl,9.555,-97.98,2.025,[0.27740095]
6,wrl,3.545,-20.475,0.57,[0.41219313]
6,wrl,6.365,-109.45,2.31,[0.38393451]
6,wrl,8.295,-77.11,1.62,[0.38253482]
6,wrl,6.76,-165.94,3.46,[0.46631484]
6,wrl,4.86,-10.53,0.34,[0.24796439]
6,wrl,12.24,-150.315,3.035,[0.35146091]
6,wrl,8.825,-23.305,0.52,[0.4391554]
6,wrl,9.18,-76.21,1.585,[0.40893998]
6,wrl,5.74,-90.255,2.015,[0.3325377]
6,wrl,9.07,-162.685,3.33,[0.35462936]
6,wrl,3.66,-1.25,0.175,[0.23053657]
6,wrl,4.535,-143.475,3.015,[0.29363945]
6,wrl,6.81,-55.585,1.27,[0.31410957]
6,wrl,8.105,-20.685,0.48,[0.35983295]
6,wrl,3.51,-17.6,0.51,[0.49034698]
6,wrl,9.3,-139.505,2.865,[0.44375071]
6,wrl,4.32,-39.915,0.94,[0.24389168]
6,wrl,4.64,-3.955,0.21,[0.26679863]
6,wrl,4.47,-5.575,0.245,[0.28001567]
6,wrl,6.015,-16.34,0.435,[0.42469017]
6,wrl,9.28,-90.705,1.88,[0.37151075]
6,wrl,10.495,-224.245,4.565,[0.31254646]
6,wrl,9.085,-67.615,1.405,[0.40047157]
6,wrl,7.105,-61.155,1.345,[0.37457361]
6,wrl,3.8,-36.185,0.875,[0.34425741]
6,wrl,4.52,-18.965,0.515,[0.24846184]
6,wrl,15.325,-175.75,3.555,[0.34648971]
6,wrl,4.635,-10.295,0.34,[0.28380929]
6,wrl,6.73,-50.065,1.105,[0.30644864]
6,wrl,3.61,-178.115,3.755,[0.29265833]
6,wrl,5.215,-76.89,1.67,[0.31318259]
6,wrl,6.09,-27.535,0.66,[0.3050081]
6,wrl,3.615,-15.835,0.47,[0.24500069]
6,wrl,4.745,-161.12,3.395,[0.3023034]
6,wrl,8.64,-126.71,2.65,[0.40752789]
6,wrl,4.63,-8.89,0.31,[0.30881708]
6,wrl,7.085,-25.02,0.59,[0.41931826]
6,wrl,3.285,-2.44,0.205,[0.18022498]
6,wrl,8.805,-180.34,3.705,[0.21763975]
6,wrl,6.815,-44.355,0.985,[0.27634177]
6,wrl,6.225,-48.74,1.13,[0.5259442]
6,wrl,6.02,-15.29,0.41,[0.30617387]
6,wrl,3.39,-16.12,0.48,[0.2840459]
6,wrl,6.315,-39.52,0.89,[0.29232775]
6,wrl,3.45,-48.915,1.15,[0.21425051]
6,wrl,15.325,-262.67,5.82,[0.31577297]
6,wrl,7.83,-27.23,0.62,[0.44495386]
6,wrl,10.84,-121.35,2.47,[0.36818506]
6,wrl,4.735,-1.825,0.165,[0.45790737]
6,wrl,3.39,7.12,0.01,[0.42094139]
6,wrl,9.045,-62.225,1.305,[0.31902671]
6,wrl,4.65,-24.44,0.625,[0.33884626]
6,wrl,9.335,-65.18,1.355,[0.33833537]
6,wrl,9.46,-65.54,1.36,[0.3659312]
6,wrl,4.47,-9.235,0.32,[0.20285969]
6,wrl,3.345,-1.475,0.185,[0.38436369]
6,wrl,3.46,-26.54,0.695,[0.36446517]
6,wrl,6.49,-77.63,1.665,[0.3993946]
6,wrl,5.95,-124.86,2.635,[0.42508252]
6,wrl,7.905,-57.41,1.22,[0.38271784]
6,wrl,3.38,-11.01,0.38,[0.31743303]
6,wrl,8.225,-163.37,3.37,[0.2383463]
6,wrl,5.38,-104.19,2.225,[0.3771154]
6,wrl,11.64,-175.12,3.56,[0.34143501]
6,wrl,4.6,-16.42,0.495,[0.2564025]
6,wrl,5.555,-11.985,0.355,[0.57343923]
6,wrl,7.11,-37.035,0.83,[0.34293175]
6,wrl,5.85,-7.125,0.255,[0.23872832]
6,wrl,11.88,-281.225,5.695,[0.42723986]
6,wrl,4.66,-1.015,0.15,[0.43958928]
6,wrl,4.655,-151.75,3.205,[0.31561694]
6,wrl,5.87,-170.73,3.575,[0.4861729]
6,wrl,6.72,-75.49,1.615,[0.3476615]
6,wrl,4.47,-11.225,0.36,[0.39358168]
6,wrl,7.18,-16.535,0.415,[0.32323706]
6,wrl,4.53,-11.425,0.365,[0.3668569]
6,wrl,5.62,-28.535,0.69,[0.41297511]
6,wrl,3.825,-29.27,0.735,[0.33931593]
6,wrl,3.43,-28.09,0.77,[0.42363215]
6,wrl,9.0,-21.525,0.48,[0.46458059]
6,wrl,3.54,-1.85,0.19,[0.20985952]
6,wrl,4.685,-5.755,0.245,[0.39392521]
7,mdft,3.385,-41.01,0.975,[0.35280585]
7,mdft,7.98,-16.825,0.405,[0.42599601]
7,mdft,4.59,-40.385,0.955,[0.41391131]
7,mdft,7.645,-6.21,0.195,[0.40511333]
7,mdft,7.89,-122.385,2.59,[0.6592599]
7,mdft,4.565,-106.345,2.28,[0.28562267]
7,mdft,4.555,-0.22,0.135,[0.29007764]
7,mdft,5.61,-0.49,0.12,[0.45981985]
7,mdft,4.465,-10.03,0.335,[0.37260783]
7,mdft,5.605,-83.235,1.775,[0.35573366]
7,mdft,4.515,-133.42,2.825,[0.34492858]
7,mdft,3.43,-50.825,1.23,[0.36442333]
7,mdft,8.025,-63.835,1.36,[0.37991665]
7,mdft,5.445,-47.685,1.21,[0.36245237]
7,mdft,6.67,-46.245,1.03,[0.34380416]
7,mdft,4.365,-40.325,0.94,[0.31122983]
7,mdft,3.36,-40.38,0.98,[0.24689178]
7,mdft,8.895,-94.845,1.975,[0.2813301]
7,mdft,3.395,-2.44,0.205,[0.41742916]
7,mdft,5.6,-103.39,2.2,[0.4307955]
7,mdft,7.945,-70.03,1.485,[0.31689044]
7,mdft,6.805,-133.51,2.805,[0.47443967]
7,mdft,4.69,-2.77,0.185,[0.23655948]
7,mdft,8.185,-189.49,3.905,[0.31770222]
7,mdft,8.955,-80.03,1.675,[0.47541229]
7,mdft,8.995,-75.58,1.57,[0.43172438]
7,mdft,5.57,-95.76,2.065,[0.32343587]
7,mdft,8.95,-148.875,3.05,[0.36457187]
7,mdft,3.405,5.88,0.035,[0.2450048]
7,mdft,4.495,-97.945,2.095,[0.342259]
7,mdft,6.72,-28.225,0.695,[0.28591438]
7,mdft,7.81,-11.805,0.305,[0.35354943]
7,mdft,3.365,0.92,0.135,[0.50554497]
7,mdft,9.125,-146.47,3.01,[0.39581621]
7,mdft,3.495,-43.875,1.045,[0.2746412]
7,mdft,4.535,0.3,0.125,[0.26341308]
7,mdft,4.515,-6.35,0.26,[0.31424951]
7,mdft,5.735,-3.075,0.17,[0.45194151]
7,mdft,5.835,-236.915,4.905,[0.43671713]
7,mdft,8.47,-315.655,6.455,[0.30392584]
7,mdft,8.97,-57.025,1.195,[0.4171154]
7,mdft,5.66,-93.58,2.015,[0.33969165]
7,mdft,3.41,-45.455,1.065,[0.31515642]
7,mdft,4.475,-8.025,0.295,[0.3018456]
7,mdft,10.92,-238.355,4.89,[0.36322929]
7,mdft,4.415,-4.94,0.235,[0.30456947]
7,mdft,6.63,-49.44,1.095,[0.27228978]
7,mdft,3.355,-197.68,4.15,[0.31701542]
7,mdft,4.465,-59.1,1.32,[0.33505973]
7,mdft,5.74,-16.125,0.435,[0.3162577]
7,mdft,3.355,-2.97,0.215,[0.31333081]
7,mdft,4.53,-155.785,3.29,[0.3304193]
7,mdft,6.755,-118.78,2.51,[0.38776711]
7,mdft,4.455,-0.36,0.14,[0.34869691]
7,mdft,6.53,-5.82,0.21,[0.39808569]
7,mdft,3.405,-4.54,0.245,[0.23756656]
7,mdft,8.065,-216.655,4.46,[0.22933938]
7,mdft,6.8,-20.695,0.505,[0.34296972]
7,mdft,5.55,-46.83,1.065,[0.52189338]
7,mdft,5.58,-9.72,0.305,[0.35758374]
7,mdft,3.35,-2.79,0.21,[0.38878379]
7,mdft,5.655,-46.92,1.05,[0.25209447]
7,mdft,3.46,-48.19,1.135,[0.17168987]
7,mdft,11.555,-347.675,7.335,[0.29149946]
7,mdft,7.96,-95.465,2.01,[0.47874831]
7,mdft,9.415,-173.945,3.555,[0.3833875]
7,mdft,4.525,0.59,0.12,[0.46435754]
7,mdft,3.355,6.665,0.02,[0.45686761]
7,mdft,9.045,-46.14,0.98,[0.36838093]
7,mdft,4.425,-1.575,0.165,[0.37483538]
7,mdft,8.655,-56.98,1.195,[0.44477318]
7,mdft,9.05,-83.015,1.73,[0.35204034]
7,mdft,4.57,-7.335,0.28,[0.21340006]
7,mdft,3.305,-2.715,0.21,[0.37146023]
7,mdft,3.365,-27.405,0.715,[0.38133584]
7,mdft,4.555,-146.91,3.11,[0.32184641]
7,mdft,3.775,-191.755,4.025,[0.36450691]
7,mdft,7.765,-49.52,1.07,[0.44501757]
7,mdft,3.37,1.985,0.115,[0.34773413]
7,mdft,6.96,-180.745,3.75,[0.2188566]
7,mdft,3.515,-99.385,2.16,[0.3031315]
7,mdft,8.405,-303.73,6.24,[0.28184358]
7,mdft,4.585,-10.055,0.38,[0.27554512]
7,mdft,5.665,-101.555,2.18,[0.64977977]
7,mdft,6.74,-17.72,0.445,[0.38792944]
7,mdft,5.675,-1.32,0.135,[0.257297]
7,mdft,9.8,-269.75,5.505,[0.39031873]
7,mdft,4.525,2.555,0.08,[0.40509382]
7,mdft,4.565,-156.1,3.295,[0.3319614]
7,mdft,5.505,-141.23,2.97,[0.51043316]
7,mdft,6.665,-76.005,1.625,[0.34889725]
7,mdft,4.585,-13.31,0.4,[0.4133572]
7,mdft,6.925,-7.69,0.24,[0.30650061]
7,mdft,4.58,-3.38,0.2,[0.34615376]
7,mdft,5.67,-91.205,1.955,[0.49293782]
7,mdft,3.38,-40.25,0.96,[0.30942957]
7,mdft,3.565,-5.895,0.275,[0.45501731]
7,mdft,8.805,-61.76,1.305,[0.45427454]
7,mdft,3.475,-4.235,0.24,[0.23458385]
7,mdft,4.48,3.825,0.055,[0.40939109]
7,wrl,3.56,-37.85,0.915,[0.35280585]
7,wrl,8.04,-25.715,0.585,[0.42599601]
7,wrl,4.59,-16.865,0.475,[0.41391131]
7,wrl,8.005,-30.815,0.69,[0.40511333]
7,wrl,7.445,-188.55,4.095,[0.6592599]
7,wrl,5.245,-100.73,2.155,[0.28562267]
7,wrl,4.6,-4.2,0.215,[0.29007764]
7,wrl,5.46,-30.23,0.73,[0.45981985]
7,wrl,4.715,-30.125,0.74,[0.37260783]
7,wrl,5.945,-74.26,1.595,[0.35573366]
7,wrl,4.535,-131.825,2.815,[0.34492858]
7,wrl,3.755,-49.06,1.365,[0.36442333]
7,wrl,7.985,-103.03,2.16,[0.37991665]
7,wrl,5.915,-49.18,1.225,[0.36245237]
7,wrl,6.91,-58.175,1.265,[0.34380416]
7,wrl,4.85,-45.155,1.035,[0.31122983]
7,wrl,3.595,-38.165,0.93,[0.24689178]
7,wrl,9.125,-117.8,2.435,[0.2813301]
7,wrl,3.36,-18.58,0.535,[0.41742916]
7,wrl,6.095,-127.53,2.685,[0.4307955]
7,wrl,8.11,-90.025,1.885,[0.31689044]
7,wrl,6.77,-179.805,3.74,[0.47443967]
7,wrl,4.835,-7.32,0.275,[0.23655948]
7,wrl,9.275,-210.915,4.32,[0.31770222]
7,wrl,8.885,-30.72,0.67,[0.47541229]
7,wrl,9.025,-94.66,1.965,[0.43172438]
7,wrl,5.86,-98.0,2.22,[0.32343587]
7,wrl,9.105,-170.315,3.485,[0.36457187]
7,wrl,3.885,-3.19,0.21,[0.2450048]
7,wrl,4.61,-163.495,3.42,[0.342259]
7,wrl,6.745,-45.19,1.095,[0.28591438]
7,wrl,8.205,-27.405,0.615,[0.35354943]
7,wrl,3.47,-24.94,0.66,[0.50554497]
7,wrl,9.345,-143.75,2.95,[0.39581621]
7,wrl,3.67,-44.14,1.045,[0.2746412]
7,wrl,4.56,-6.805,0.27,[0.26341308]
7,wrl,4.565,-8.12,0.295,[0.31424951]
7,wrl,5.72,-11.63,0.345,[0.45194151]
7,wrl,8.045,-153.69,3.18,[0.43671713]
7,wrl,9.205,-291.175,5.95,[0.30392584]
7,wrl,8.99,-80.92,1.68,[0.4171154]
7,wrl,6.4,-95.455,2.045,[0.33969165]
7,wrl,3.565,-47.585,1.11,[0.31515642]
7,wrl,4.46,-31.01,0.76,[0.3018456]
7,wrl,12.915,-269.53,5.58,[0.36322929]
7,wrl,4.51,-15.57,0.45,[0.30456947]
7,wrl,6.735,-50.755,1.12,[0.27228978]
7,wrl,3.47,-174.05,3.675,[0.31701542]
7,wrl,4.7,-92.315,1.995,[0.33505973]
7,wrl,5.93,-23.685,0.585,[0.3162577]
7,wrl,3.31,-25.655,0.675,[0.31333081]
7,wrl,4.775,-176.365,3.705,[0.3304193]
7,wrl,8.365,-147.065,3.045,[0.38776711]
7,wrl,4.57,-16.97,0.475,[0.34869691]
7,wrl,6.88,-29.205,0.68,[0.39808569]
7,wrl,3.405,-10.72,0.37,[0.23756656]
7,wrl,8.46,-227.06,4.665,[0.22933938]
7,wrl,6.605,-65.31,1.415,[0.34296972]
7,wrl,5.75,-62.06,1.405,[0.52189338]
7,wrl,5.93,-24.28,0.595,[0.35758374]
7,wrl,3.43,-25.025,0.66,[0.38878379]
7,wrl,6.04,-53.36,1.175,[0.25209447]
7,wrl,3.425,-50.36,1.18,[0.17168987]
7,wrl,11.55,-336.185,7.185,[0.29149946]
7,wrl,7.98,-41.865,0.915,[0.47874831]
7,wrl,9.86,-200.315,4.085,[0.3833875]
7,wrl,4.625,-5.395,0.24,[0.46435754]
7,wrl,3.41,5.865,0.035,[0.45686761]
7,wrl,9.13,-82.97,1.725,[0.36838093]
7,wrl,4.76,-33.95,0.815,[0.37483538]
7,wrl,9.115,-62.52,1.31,[0.44477318]
7,wrl,9.07,-81.44,1.695,[0.35204034]
7,wrl,4.505,-13.895,0.415,[0.21340006]
7,wrl,3.4,-7.205,0.3,[0.37146023]
7,wrl,3.535,-29.045,0.745,[0.38133584]
7,wrl,5.425,-130.95,2.77,[0.32184641]
7,wrl,4.845,-165.945,3.485,[0.36450691]
7,wrl,7.85,-68.745,1.455,[0.44501757]
7,wrl,3.44,-14.5,0.45,[0.34773413]
7,wrl,6.8,-178.37,3.705,[0.2188566]
7,wrl,4.145,-103.86,2.24,[0.3031315]
7,wrl,9.835,-269.605,5.545,[0.28184358]
7,wrl,4.545,-21.045,0.59,[0.27554512]
7,wrl,5.51,-20.78,0.535,[0.64977977]
7,wrl,7.11,-54.525,1.185,[0.38792944]
7,wrl,5.9,-11.345,0.34,[0.257297]
7,wrl,7.7,-299.58,6.135,[0.39031873]
7,wrl,4.535,-1.385,0.16,[0.40509382]
7,wrl,4.5,-147.185,3.115,[0.3319614]
7,wrl,5.82,-169.4,3.55,[0.51043316]
7,wrl,6.855,-78.49,1.675,[0.34889725]
7,wrl,4.57,-18.45,0.505,[0.4133572]
7,wrl,7.13,-27.255,0.64,[0.30650061]
7,wrl,4.675,-12.815,0.39,[0.34615376]
7,wrl,5.665,-33.235,0.785,[0.49293782]
7,wrl,3.505,-36.18,0.88,[0.30942957]
7,wrl,3.38,-38.655,0.985,[0.45501731]
7,wrl,8.855,-36.33,0.785,[0.45427454]
7,wrl,3.47,0.18,0.15,[0.23458385]
7,wrl,4.605,-12.815,0.39,[0.40939109]
8,mdft,3.36,-44.685,1.05,[0.43947734]
8,mdft,7.925,-11.635,0.3,[0.46476895]
8,mdft,4.51,-45.205,1.055,[0.4426407]
8,mdft,7.82,-40.195,0.885,[0.41985261]
8,mdft,6.805,-135.935,2.905,[0.6204945]
8,mdft,4.62,-107.125,2.295,[0.33416898]
8,mdft,4.46,0.88,0.115,[0.28304352]
8,mdft,5.6,-4.645,0.205,[0.45525778]
8,mdft,4.5,-80.25,1.755,[0.48593907]
8,mdft,5.65,-139.425,2.915,[0.35204507]
8,mdft,4.56,-141.12,2.99,[0.44944207]
8,mdft,3.39,-56.73,1.405,[0.32995173]
8,mdft,7.945,-101.73,2.135,[0.34056414]
8,mdft,5.5,-81.37,2.17,[0.35784938]
8,mdft,6.925,-69.38,1.49,[0.32457109]
8,mdft,4.41,-44.02,1.015,[0.3858937]
8,mdft,3.365,-39.405,0.96,[0.23665278]
8,mdft,8.9,-151.7,3.125,[0.39041114]
8,mdft,3.385,-1.695,0.19,[0.39201269]
8,mdft,5.505,-99.87,2.13,[0.54469083]
8,mdft,7.865,-120.305,2.505,[0.37216994]
8,mdft,6.825,-146.23,3.065,[0.47650454]
8,mdft,4.715,-4.75,0.225,[0.24960708]
8,mdft,6.465,-235.275,4.865,[0.29979761]
8,mdft,8.965,-122.915,2.55,[0.50958217]
8,mdft,8.935,-166.065,3.405,[0.47888326]
8,mdft,5.535,-131.98,2.83,[0.40722048]
8,mdft,8.83,-318.25,6.475,[0.40238954]
8,mdft,3.53,3.295,0.085,[0.20939647]
8,mdft,4.53,-103.205,2.2,[0.43491647]
8,mdft,6.64,-81.43,1.765,[0.37556582]
8,mdft,7.775,-44.845,0.98,[0.34313946]
8,mdft,3.385,-74.45,1.66,[0.49964726]
8,mdft,9.055,-150.375,3.09,[0.39618703]
8,mdft,3.47,-45.19,1.075,[0.32982652]
8,mdft,4.355,-9.29,0.325,[0.21541912]
8,mdft,4.49,-96.53,2.09,[0.41550628]
8,mdft,5.725,-5.755,0.225,[0.42534001]
8,mdft,5.755,-253.38,5.24,[0.36787575]
8,mdft,8.07,-311.305,6.375,[0.26609097]
8,mdft,8.89,-78.91,1.65,[0.51547682]
8,mdft,5.86,-106.595,2.27,[0.38162356]
8,mdft,3.305,-41.665,0.99,[0.3732407]
8,mdft,4.42,-10.215,0.34,[0.44944883]
8,mdft,9.505,-313.055,6.415,[0.34624929]
8,mdft,4.49,-15.295,0.445,[0.34157271]
8,mdft,6.74,-54.03,1.185,[0.23478241]
8,mdft,3.49,-189.705,3.99,[0.27690766]
8,mdft,4.47,-51.2,1.16,[0.45072172]
8,mdft,5.62,-15.275,0.42,[0.40777506]
8,mdft,3.36,0.22,0.15,[0.41683507]
8,mdft,4.485,-158.44,3.345,[0.30255946]
8,mdft,6.66,-127.35,2.67,[0.34464728]
8,mdft,4.5,-25.14,0.64,[0.33195605]
8,mdft,6.64,-42.935,0.965,[0.38092264]
8,mdft,3.36,-4.73,0.25,[0.35002612]
8,mdft,7.815,-210.25,4.335,[0.26260294]
8,mdft,6.635,-102.355,2.16,[0.48239222]
8,mdft,5.575,-84.015,1.825,[0.5009637]
8,mdft,5.615,-36.88,0.855,[0.4253958]
8,mdft,3.425,-3.555,0.225,[0.46745787]
8,mdft,5.67,-50.865,1.13,[0.28878055]
8,mdft,3.43,-51.335,1.2,[0.1510866]
8,mdft,8.91,-339.02,7.285,[0.32949119]
8,mdft,8.005,-112.43,2.355,[0.53157169]
8,mdft,8.99,-193.0,3.945,[0.4191532]
8,mdft,4.43,-0.785,0.15,[0.44904568]
8,mdft,3.41,6.855,0.015,[0.41883121]
8,mdft,8.925,-56.53,1.195,[0.45056258]
8,mdft,4.59,-8.38,0.3,[0.4266584]
8,mdft,8.95,-64.135,1.335,[0.54692867]
8,mdft,8.94,-137.93,2.84,[0.46078994]
8,mdft,4.585,-12.985,0.395,[0.27167067]
8,mdft,3.375,-68.27,1.535,[0.43950243]
8,mdft,3.43,-77.695,1.74,[0.51449027]
8,mdft,4.56,-149.625,3.165,[0.34224725]
8,mdft,3.505,-209.39,4.385,[0.31442892]
8,mdft,7.965,-67.195,1.43,[0.49205958]
8,mdft,3.295,2.07,0.115,[0.3268784]
8,mdft,6.695,-176.57,3.67,[0.31659895]
8,mdft,3.465,-105.185,2.28,[0.27960053]
8,mdft,7.96,-310.61,6.405,[0.2610026]
8,mdft,4.53,-23.245,0.65,[0.24593502]
8,mdft,5.63,-108.165,2.315,[0.62124024]
8,mdft,6.705,-18.185,0.455,[0.44538541]
8,mdft,5.565,-3.665,0.195,[0.26237841]
8,mdft,5.535,-231.365,4.815,[0.36412371]
8,mdft,4.625,-20.585,0.55,[0.39255749]
8,mdft,4.495,-149.14,3.155,[0.44186859]
8,mdft,5.58,-148.215,3.11,[0.50663282]
8,mdft,6.49,-156.41,3.27,[0.47591734]
8,mdft,4.385,-107.72,2.315,[0.43993897]
8,mdft,6.805,-10.525,0.3,[0.32434136]
8,mdft,4.485,-31.25,0.77,[0.37099038]
8,mdft,5.58,-96.935,2.07,[0.47250104]
8,mdft,3.43,-43.76,1.03,[0.37961628]
8,mdft,3.39,-4.755,0.27,[0.5243669]
8,mdft,8.85,-152.45,3.155,[0.53629595]
8,mdft,3.545,-4.06,0.235,[0.22504667]
8,mdft,4.475,-1.34,0.16,[0.4134291]
8,wrl,3.52,-41.665,0.995,[0.43947734]
8,wrl,8.13,-30.46,0.68,[0.46476895]
8,wrl,4.57,-19.79,0.535,[0.4426407]
8,wrl,8.255,-58.035,1.24,[0.41985261]
8,wrl,7.125,-245.52,5.24,[0.6204945]
8,wrl,4.895,-132.505,2.805,[0.33416898]
8,wrl,4.48,-3.07,0.195,[0.28304352]
8,wrl,5.62,-43.62,1.0,[0.45525778]
8,wrl,4.685,-58.205,1.31,[0.48593907]
8,wrl,5.645,-118.735,2.5,[0.35204507]
8,wrl,4.585,-137.72,2.945,[0.44944207]
8,wrl,3.58,-71.765,2.055,[0.32995173]
8,wrl,7.905,-98.78,2.075,[0.34056414]
8,wrl,5.87,-72.1,1.77,[0.35784938]
8,wrl,6.77,-68.845,1.485,[0.32457109]
8,wrl,4.7,-49.965,1.14,[0.3858937]
8,wrl,3.64,-45.57,1.08,[0.23665278]
8,wrl,9.025,-168.255,3.46,[0.39041114]
8,wrl,3.49,-21.895,0.6,[0.39201269]
8,wrl,5.65,-139.02,2.93,[0.54469083]
8,wrl,8.04,-104.705,2.185,[0.37216994]
8,wrl,6.82,-191.23,3.97,[0.47650454]
8,wrl,4.855,-12.48,0.38,[0.24960708]
8,wrl,7.045,-255.41,5.27,[0.29979761]
8,wrl,8.935,-55.51,1.175,[0.50958217]
8,wrl,9.06,-116.485,2.41,[0.47888326]
8,wrl,5.645,-100.125,2.315,[0.40722048]
8,wrl,9.05,-231.355,4.72,[0.40238954]
8,wrl,3.42,5.13,0.05,[0.20939647]
8,wrl,4.71,-183.465,3.825,[0.43491647]
8,wrl,6.755,-72.81,1.745,[0.37556582]
8,wrl,8.195,-51.46,1.105,[0.34313946]
8,wrl,3.395,-34.215,0.85,[0.49964726]
8,wrl,9.22,-151.05,3.1,[0.39618703]
8,wrl,3.68,-50.62,1.18,[0.32982652]
8,wrl,4.475,-15.05,0.44,[0.21541912]
8,wrl,4.505,-38.4,0.91,[0.41550628]
8,wrl,5.945,-23.38,0.58,[0.42534001]
8,wrl,6.515,-226.275,4.68,[0.36787575]
8,wrl,8.255,-315.675,6.465,[0.26609097]
8,wrl,9.075,-116.385,2.4,[0.51547682]
8,wrl,6.545,-128.565,2.7,[0.38162356]
8,wrl,3.415,-57.95,1.325,[0.3732407]
8,wrl,4.41,-63.83,1.425,[0.44944883]
8,wrl,10.385,-353.765,7.435,[0.34624929]
8,wrl,4.55,-29.1,0.73,[0.34157271]
8,wrl,6.885,-58.825,1.28,[0.23478241]
8,wrl,3.48,-172.7,3.65,[0.27690766]
8,wrl,4.595,-109.01,2.34,[0.45072172]
8,wrl,6.34,-36.115,0.83,[0.40777506]
8,wrl,3.445,-42.515,1.015,[0.41683507]
8,wrl,4.635,-182.345,3.83,[0.30255946]
8,wrl,7.11,-163.45,3.41,[0.34464728]
8,wrl,4.62,-30.3,0.745,[0.33195605]
8,wrl,6.895,-30.69,0.71,[0.38092264]
8,wrl,3.445,-28.275,0.725,[0.35002612]
8,wrl,8.065,-228.925,4.71,[0.26260294]
8,wrl,6.71,-86.32,1.84,[0.48239222]
8,wrl,5.82,-76.295,1.705,[0.5009637]
8,wrl,5.945,-61.155,1.345,[0.4253958]
8,wrl,3.49,-44.6,1.055,[0.46745787]
8,wrl,6.035,-67.09,1.455,[0.28878055]
8,wrl,3.39,-48.6,1.145,[0.1510866]
8,wrl,9.18,-375.075,8.335,[0.32949119]
8,wrl,7.84,-55.185,1.19,[0.53157169]
8,wrl,9.02,-242.53,4.955,[0.4191532]
8,wrl,4.705,-6.475,0.26,[0.44904568]
8,wrl,3.41,7.1,0.01,[0.41883121]
8,wrl,9.35,-130.165,2.68,[0.45056258]
8,wrl,4.575,-48.445,1.115,[0.4266584]
8,wrl,9.1,-62.41,1.31,[0.54692867]
8,wrl,9.065,-101.53,2.105,[0.46078994]
8,wrl,4.65,-24.59,0.63,[0.27167067]
8,wrl,3.405,-21.265,0.585,[0.43950243]
8,wrl,3.415,-32.6,0.82,[0.51449027]
8,wrl,4.705,-140.615,2.98,[0.34224725]
8,wrl,4.055,-195.975,4.105,[0.31442892]
8,wrl,7.74,-91.365,1.92,[0.49205958]
8,wrl,3.34,-15.125,0.465,[0.3268784]
8,wrl,6.88,-207.285,4.29,[0.31659895]
8,wrl,3.74,-122.06,2.615,[0.27960053]
8,wrl,8.37,-308.095,6.35,[0.2610026]
8,wrl,4.63,-31.89,0.86,[0.24593502]
8,wrl,5.64,-38.035,0.885,[0.62124024]
8,wrl,7.095,-68.475,1.47,[0.44538541]
8,wrl,5.795,-15.895,0.43,[0.26237841]
8,wrl,5.86,-304.42,6.28,[0.36412371]
8,wrl,4.76,-7.49,0.28,[0.39255749]
8,wrl,4.52,-157.285,3.32,[0.44186859]
8,wrl,5.92,-171.2,3.585,[0.50663282]
8,wrl,6.73,-76.24,1.635,[0.47591734]
8,wrl,4.435,-25.535,0.65,[0.43993897]
8,wrl,7.075,-35.055,0.795,[0.32434136]
8,wrl,4.48,-18.005,0.5,[0.37099038]
8,wrl,5.675,-51.705,1.16,[0.47250104]
8,wrl,3.465,-44.88,1.06,[0.37961628]
8,wrl,3.41,-53.485,1.26,[0.5243669]
8,wrl,9.04,-58.845,1.24,[0.53629595]
8,wrl,3.565,-3.345,0.22,[0.22504667]
8,wrl,4.555,-23.6,0.61,[0.4134291]
